,Country,Total_Never entered primary,Total_Dropped out of primary,Total_Still attending primary,Total_Did not transition to lower secondary,Total_Dropped out of lower secondary,Total_Still attending lower secondary,Total_Did not transition to upper secondary,Total_population_agerange,Total_Never entered primary_pop,Total_Dropped out of primary_pop,Total_Still attending primary_pop,Total_Did not transition to lower secondary_pop,Total_Dropped out of lower secondary_pop,Total_Still attending lower secondary_pop,Total_Did not transition to upper secondary_pop,primary_dur,lower secondary_dur,upper secondary_dur,Reference area,U.S. dollars,Year,primary_return_rate,secondary_return_rate,increasemental_rate_of_salaries_Never_entered_primary,increasemental_rate_of_Dropped_out_of_primary,increasemental_rate_of_Still_in_primary,increasemental_rate_of_salaries_Did_not_transition_to_lower_secondary,increasemental_rate_of_salaries_Dropped_out_of_lower_secondary,increasemental_rate_of_salaries_Still_in_lower_secondary,increasemental_rate_of_Did_not_transition_to_upper_secondary,year_before_work_primary_full,year_before_work_primary_half,year_before_work_LS_full,year_before_work_LS_half,year_before_work_US_full,increasemental_rate_of_salaries_Never_entered_primary_longterm,increasemental_rate_of_salaries_Dropped_out_of_primary_longterm,increasemental_rate_of_salaries_Still_attending_primary_longterm,increasemental_rate_of_salaries_Did_not_transition_to_lower_secondary_longterm,increasemental_rate_of_salaries_Dropped_out_of_lower_secondary_longterm,increasemental_rate_of_salaries_Still_attending_lower_secondary_longterm,increasemental_rate_of_salaries_Did_not_transition_to_upper_secondary_longterm,Total_Never entered primary_return_in_money,Total_Dropped out of primary_return_in_money,Total_Still attending primary_return_in_money,Total_Did not transition to lower secondary_return_in_money,Total_Dropped out of lower secondary_return_in_money,Total_Still attending lower secondary_return_in_money,Total_Did not transition to upper secondary_return_in_money,all_return,GDP_total,%return per GDP
0,Afghanistan,33.86134089,8.254576837,3.415738804,3.786342453,3.976627641,14.55592654,1.706867773,2777.983,940662.2934962488,229310.74125379772,94888.64329952332,105183.949666123,110470.03984028102,404361.16477368824,47416.49656641859,6.0,3.0,3.0,Afghanistan,70.75,2007.0,4.1107001304626465,1.5524200201034546,139.67345163147291,123.77352638900012,123.77352638900012,109.68359166199949,107.17814778705387,107.17814778705387,104.72993443232907,12.0,9.0,6.0,4.5,3.0,8.214801849351822,10.208546778198325,10.208546778198325,12.732031950719726,13.83789095669674,13.83789095669674,16.5459868793757,6560523841.646006,1987449085.0789847,822405205.6126721,1136985391.2663255,1297842838.1326985,4750584343.766743,666085267.8157822,17221875973.31921,20116137325.8206,85.61224103005907
1,Albania,1.099108134,0.713800474,0.099165849,0.371935058,0.728686074,0.048609368,9.871477886,149.99,1648.5522901866002,1070.6293309526,148.73885691510003,557.8653934942,1092.9562423926,72.9091910632,14806.2296812114,5.0,4.0,3.0,Albania,239.3,2005.0,14.55566692352295,2.8771400451660156,240.61077262769203,171.30641343029043,171.30641343029043,121.96414550298549,115.23765508016123,115.23765508016123,108.88213985846478,12.0,9.5,7.0,5.0,3.0,11.67442612373047,11.251815243017704,11.251815243017704,12.25246342946908,14.37620343934985,14.37620343934985,16.881562312894058,55266531.96177133,34592796.66905148,4805858.465948376,19628033.064387932,45120191.00307302,3009888.6845183014,717762993.0418363,880186292.8905867,14887629268.2927,5.912199162328588
2,Algeria,2.15748254,3.252027305,0.397180629,0.444625251,12.83145719,26.81798328,2.813620409,1792.845,38680.317844263,58303.80893632725,7120.833047995051,7971.44158129095,230048.1386580555,480804.87233631604,50443.85282173605,5.0,4.0,3.0,Algeria,226.79,,10.0,10.0,313.8428376721003,247.303640184318,247.303640184318,194.87171000000012,161.05100000000007,161.05100000000007,133.10000000000005,12.0,9.5,7.0,5.0,3.0,14.184453409871745,14.403627039894937,14.403627039894937,16.276974981580615,17.436179011744077,17.436179011744077,18.838815888241864,1493164948.013648,2285461671.225699,279130837.1664531,353114629.51906246,10916293150.912132,22815254952.406548,2586229127.9610176,40728649317.20456,145009181490.62,28.086945184115198
3,Angola,7.7,9.7,22.8,1.6,3.3,39.5,0.8,2209.021,170094.617,214275.037,503656.78800000006,35344.336,72897.693,872563.2950000002,17672.168,6.0,3.0,3.0,Angola,58.81,,10.0,10.0,313.84283767210036,235.7947691000002,235.7947691000002,177.1561000000001,153.55610346059197,153.55610346059197,133.10000000000005,12.0,9.0,6.0,4.5,3.0,14.184453409871747,15.318955121941382,15.318955121941382,16.828976900706074,16.935578141662667,16.935578141662667,18.838815888241864,1702690058.3275442,2316504499.432907,5444979648.151576,419768617.4410926,871256912.6794741,10428681227.52704,234950221.46304065,21418831185.022675,58375976292.9678,36.6911742555351
4,Argentina,0.2,0.7,1.5,1.4,6.1,29.3,1.6,2131.984,4263.968,14923.887999999997,31979.76,29847.775999999994,130051.02399999999,624671.3119999999,34111.744,6.0,3.0,3.0,Argentina,239.23,2012.0,3.7152998447418213,4.690299987792969,163.86855688349416,146.88151634153695,146.88151634153695,131.65539657573112,122.90767382449353,122.90767382449353,114.74118553323873,12.0,9.0,6.0,4.5,3.0,9.044088505911436,11.262733125382805,11.262733125382805,14.066164583413032,14.888501112408411,14.888501112408411,17.35508218740228,110707138.83295742,482528157.0689655,1033988908.0049262,1205270585.3726516,5558551581.727133,26699272351.574585,1699524715.5507622,36789843438.13199,389288056265.325,9.450545128735552
5,Armenia,0.099474532,0.0,0.0,0.0,0.539703959,0.839012558,1.51263563,70.442,70.07184983143999,0.0,0.0,0.0,380.17826279878,591.0172261063599,1065.5307904846,4.0,5.0,3.0,Armenia,139.06,2008.0,39.68833541870117,0.8294995427131653,406.7630185771585,208.45925303825928,208.45925303825928,106.83188537953583,104.64822439228752,104.64822439228752,102.50919778821317,12.0,10.0,8.0,5.5,3.0,17.369290398470184,12.792644601737413,12.792644601737413,10.379236151440084,12.42628338711765,12.42628338711765,16.3665100506551,2030996.2893272047,0.0,0.0,0.0,7883371.748412861,12255325.880054932,29100842.108118854,51270536.02591385,12641209802.112,0.4055825101276932
6,Bangladesh,3.343933513,6.954979112,2.266373138,7.90019894,6.166328543,20.02120903,1.373772424,12412.588,415068.6899626164,863292.9026586184,281315.5601626114,980619.1456025672,765400.9567689928,2485150.189512696,170520.71104873312,5.0,3.0,4.0,Bangladesh,17.76,2005.0,7.855966567993164,4.568900108337402,199.54399175960413,165.16887770277705,165.16887770277705,136.7155077987052,127.85389700236207,127.85389700236207,119.56667712311582,12.0,9.5,7.0,5.5,4.0,10.266863187052694,10.99727493495697,10.99727493495697,13.066741459164303,13.835336726807059,13.835336726807059,16.1318833333935,908200959.9194238,2023333446.5139065,659330315.5266297,2730812447.7119675,2256851282.7629633,7327681450.433693,586254804.5544323,16492464707.423016,323056957972.312,5.105125984884846
7,Barbados,0.0,0.0,0.0,0.0,0.0,17.3,0.0,7.382,0.0,0.0,0.0,0.0,0.0,1277.086,0.0,6.0,3.0,2.0,,,,10.0,10.0,285.3116706110003,214.35888100000017,214.35888100000017,161.05100000000007,139.59645769144723,139.59645769144723,121.00000000000001,11.0,8.0,5.0,3.5,2.0,14.527203171826315,15.77515505510292,15.77515505510292,17.436179011744077,17.603500463804483,17.603500463804483,19.647001898033455,,,,,,,,0.0,4418000000.0,0.0
8,Belarus,0.0,0.0,0.0,0.0,0.0,11.1,0.4,182.251,0.0,0.0,0.0,0.0,0.0,20229.861,729.004,4.0,5.0,2.0,Belarus,159.21,,10.0,10.0,285.3116706110002,235.79476910000014,235.79476910000014,194.8717100000001,153.55610346059194,153.55610346059194,121.00000000000001,11.0,9.0,7.0,4.5,2.0,14.527203171826311,15.31895512194138,15.31895512194138,16.27697498158061,16.935578141662667,16.935578141662667,19.647001898033455,0.0,0.0,0.0,0.0,0.0,654552542.546221,27363886.90224258,681916429.4484636,60258239055.5829,1.1316567495765282
9,Belize,1.196324755,7.41457743,0.807591262,19.25468726,10.91667747,44.26976652,7.424627403,15.781,188.79200958655002,1170.0944642283,127.44597705622002,3038.5821965006003,1722.7608715407,6986.2118545212,1171.68045046743,6.0,4.0,2.0,Belize,321.75,1999.0,9.707900047302246,6.873149394989014,259.7999472995309,196.7548072394991,196.7548072394991,149.00870679246032,130.4591157041576,130.4591157041576,114.21870061603643,12.0,9.0,6.0,4.0,2.0,12.332134628818212,13.537952322802429,13.537952322802429,15.11986124312257,16.932166649185508,16.932166649185508,19.04414125609742,8989212.937675655,61160877.33287531,6661605.5434846245,177385695.92266598,112625656.38435918,456724266.70102286,86152994.95004474,909700309.7721283,1636280797.08056,55.595611180868765
10,Benin,23.87657128,19.21161605,2.358775515,1.82554549,12.18925455,27.17122265,0.927280856,774.147,184839.7602669816,148726.14930259352,18260.389886107052,14132.405644470304,94362.7484211885,210345.20500829548,7178.51692829832,6.0,4.0,3.0,Benin,64.01,,10.0,10.0,345.22712143931034,259.3742460100002,259.3742460100002,194.87171000000012,161.05100000000007,161.05100000000007,133.10000000000005,13.0,10.0,7.0,5.0,3.0,13.872862717185765,14.904227909976346,14.904227909976346,16.276974981580615,17.436179011744077,17.436179011744077,18.838815888241864,1969656794.079791,1702651988.5021355,209049244.5087616,176692804.40189907,1263807633.1500478,2817169700.2659993,103876522.90091234,8242904687.809546,15651545331.5404,52.66511717024361
11,Bhutan,19.9,8.6,2.7,2.0,3.9,36.3,2.0,28.009,5573.791,2408.774,756.2430000000002,560.1800000000001,1092.351,10167.267,560.1800000000001,7.0,4.0,2.0,Bhutan,62.82,,10.0,10.0,345.22712143931034,247.303640184318,247.303640184318,177.1561000000001,146.41000000000005,146.41000000000005,121.00000000000001,13.0,9.5,6.0,4.0,2.0,13.872862717185765,14.403627039894937,14.403627039894937,16.828976900706074,18.104101333885886,18.104101333885886,19.647001898033455,58290253.85741615,26154540.855653398,8211309.338402813,7106642.87429426,14907964.864601986,138758749.8936031,8296655.635319529,261726117.31929123,2315437338.08809,11.303528409687154
12,Bolivia,0.5,4.4,3.2,2.7,2.4,14.3,2.8,918.993,4594.965,40435.692,29407.776,24812.811000000005,22055.832000000002,131415.99900000004,25731.804,6.0,3.0,3.0,,,2012.0,8.57746696472168,3.1033666133880615,196.8227577699306,153.76454081097512,153.76454081097512,120.1260173300049,114.74342497820575,114.74342497820575,109.60201518676784,12.0,9.0,6.0,4.5,3.0,10.173592956834364,11.576736655673498,11.576736655673498,13.366098241716763,14.343192707612804,14.343192707612804,16.939741629806925,,,,,,,,0.0,36572764862.8234,0.0
13,Bosnia and Herzegovina,0.4,0.0,0.0,0.0,2.2,1.1,0.0,128.368,513.4720000000001,0.0,0.0,0.0,2824.0960000000005,1412.0480000000002,0.0,5.0,4.0,4.0,,,,10.0,10.0,345.2271214393103,272.0340042027498,272.0340042027498,214.3588810000001,177.1561000000001,177.1561000000001,146.41000000000005,13.0,10.5,8.0,6.0,4.0,13.872862717185763,14.026602301744907,14.026602301744907,15.775155055102912,16.828976900706074,16.828976900706074,18.104101333885886,,,,,,,,0.0,19946496562.9733,0.0
14,Brazil,2.3,1.2,1.1,0.9,5.7,25.5,1.8,9577.976,220293.448,114935.71200000001,105357.73600000002,86201.78400000001,545944.6320000001,2442383.8800000004,172403.56800000003,5.0,4.0,3.0,Brazil,202.71,2012.0,7.923233509063721,6.348732948303223,225.26876828122172,186.171677650248,186.171677650248,153.86018143375756,136.03842655530374,136.03842655530374,120.28098060972631,12.0,9.5,7.0,5.0,3.0,11.148579289964598,11.86831820152437,11.86831820152437,14.01313073409716,15.76553339795167,15.76553339795167,17.802800675195243,5974169318.782756,3318184970.5243654,3041669556.314002,2938379242.2608395,20936963153.01475,93665361474.01337,7466051798.234548,137340779513.14462,1444733258971.65,9.506307040436152
15,Burkina Faso,54.6,13.0,2.1,4.3,3.6,16.2,0.2,1382.987,755110.9020000001,179788.31000000003,29042.727000000003,59468.441,49787.53200000001,224043.89400000003,2765.974,6.0,4.0,3.0,Burkina Faso,62.41,,10.0,10.0,345.22712143931034,259.3742460100002,259.3742460100002,194.87171000000012,161.05100000000007,161.05100000000007,133.10000000000005,13.0,10.0,7.0,5.0,3.0,13.872862717185765,14.904227909976346,14.904227909976346,16.276974981580615,17.436179011744077,17.436179011744077,18.838815888241864,7845348815.902164,2006810486.418497,324177078.5752957,724929341.1304934,650140687.7125571,2925633094.706507,39024479.914315246,14516063984.35983,17933606353.1775,80.94336241404035
16,Burundi,6.4,26.9,4.3,10.4,8.5,31.0,1.0,700.329,44821.056,188388.50099999996,30114.146999999997,72834.216,59527.965000000004,217101.98999999996,7003.29,6.0,3.0,3.0,Burundi,2.23,1998.0,12.878266334533691,21.262531280517578,657.6907915784642,457.2890156629909,457.2890156629909,317.9506943439992,238.10572259959244,238.10572259959244,178.31171984589213,12.0,9.0,6.0,4.5,3.0,25.969833844869072,25.42352116971151,25.42352116971151,25.378054391547664,22.58283593681533,22.58283593681533,22.492763834048535,31148516.29043527,128166994.39880747,20487660.814679265,49462935.00391945,35973742.7515427,131198355.917391,4215324.793319026,400653529.9700942,2841786382.19063,14.09865049959332
17,Cambodia,3.8,20.2,1.5,8.7,17.3,11.5,6.4,880.748,33468.424,177911.096,13211.220000000001,76625.07599999999,152369.40400000004,101286.02,56367.872,6.0,3.0,3.0,Cambodia,182.0,2012.0,12.76830005645752,2.9830493927001953,245.31080991467985,171.06280355012225,171.06280355012225,119.28737575243969,114.1421012808179,114.1421012808179,109.2187601799433,12.0,9.0,6.0,4.5,3.0,11.835519789859736,12.36588328621446,12.36588328621446,13.315175748086583,14.303028955580983,14.303028955580983,16.908767496337113,865117768.9789177,4804860821.033356,356796595.62128884,2228283556.3726726,4759687290.226852,3163953979.0525312,2081594952.3342595,18260294963.619877,25808561550.9514,70.7528582233082
18,Cameroon,9.351361353,8.782605887,4.176956964,5.186918917,9.314785205,28.25666333,1.498729761,1713.741,160258.11356451572,150511.11795393267,71582.22404442324,88890.35611738497,159631.29312001902,484246.02471817523,25684.34639345901,6.0,4.0,3.0,Cameroon,65.36,2007.0,11.070233345031738,8.85669994354248,340.0730806291369,248.18709903719594,248.18709903719594,181.12823283320293,152.85365270399595,152.85365270399595,128.99280680593526,13.0,10.0,7.0,5.0,3.0,13.712267602568392,14.440266482588932,14.440266482588932,15.518332404427719,16.888659887609087,16.888659887609087,18.50687828034643,1723544877.4090543,1704657285.656767,810725223.489397,1081914611.151596,2114494262.425231,6414377913.351618,372816372.63574904,14222530546.119411,40804449726.0184,34.85534210512979
19,Central African Republic,14.32020415,22.46504824,19.84054015,6.166541556,5.742579418,26.62012004,0.104846024,359.484,51478.84268658601,80758.2540150816,71323.567352826,22167.73024717104,20643.65419500312,95695.0723245936,376.9046809161599,6.0,4.0,3.0,,,,10.0,10.0,345.22712143931034,259.3742460100002,259.3742460100002,194.87171000000012,161.05100000000007,161.05100000000007,133.10000000000005,13.0,10.0,7.0,5.0,3.0,13.872862717185765,14.904227909976346,14.904227909976346,16.276974981580615,17.436179011744077,17.436179011744077,18.838815888241864,,,,,,,,0.0,2380087758.04137,0.0
20,Chad,43.2782222,11.69343178,10.06158827,3.325386551,5.437900836,19.6183634,0.271081579,1112.97,481673.62961934,130144.38768186599,111982.458968619,37010.55469666471,60522.2049344292,218346.49913298,3017.0566497963,6.0,4.0,3.0,Chad,121.48,2003.0,1.0995266437530518,7.408037185668945,176.09709617288183,170.41382637722842,170.41382637722842,164.91397559456362,142.94991484591745,142.94991484591745,123.91113658367641,13.0,10.0,7.0,5.0,3.0,8.602928544509465,11.214797229022457,11.214797229022457,14.623302293135433,16.227167128803934,16.227167128803934,18.096184802346016,6040671452.838009,2127663284.650128,1830743305.3109584,788963807.8485093,1431671831.5198457,5165055249.6945,79589635.69212249,17464358567.554073,10829076801.729,161.27282950625732
21,Colombia,0.787515899,2.134075658,0.632183812,3.604593107,6.760065581,19.77748714,1.798513654,1659.331,13067.495442035688,35411.378956647975,10490.021969497719,59812.13084831417,112171.86380586312,328173.9751350334,29843.294600054738,5.0,4.0,2.0,Colombia,237.57,2012.0,6.000699996948242,5.270533561706543,182.13130988855272,157.43916508465335,157.43916508465335,136.09461611910717,122.80818039199524,122.80818039199524,110.81885236366385,11.0,8.5,6.0,4.0,2.0,10.63704832346567,11.744372990478071,11.744372990478071,14.335714931222949,16.370041296357318,16.370041296357318,18.741893178869407,396265564.0258691,1185620004.2677763,351219869.3948362,2444451780.9328556,5234877878.711287,15315344013.32947,1594531371.2394848,26522310481.90158,271437596293.843,9.771052663312723
22,Comoros,10.5,8.1,3.1,3.9,6.3,29.5,1.4,53.698,5638.29,4349.538,1664.6380000000001,2094.2219999999998,3382.9739999999997,15840.91,751.7719999999999,6.0,4.0,3.0,Comoros,125.15,2004.0,2.222473382949829,5.386663436889648,164.731970703316,154.21930409099951,154.21930409099951,144.37752218205827,129.9954867142194,129.9954867142194,117.0461046197869,13.0,10.0,7.0,5.0,3.0,8.248801812756966,10.543166321335127,10.543166321335127,13.489686123562075,15.361911956829637,15.361911956829637,17.541362523347274,69847421.60546534,68869398.05704994,26357423.94775986,42426446.895003125,78046967.2180981,365458021.1006181,19804394.569689166,670810073.3936837,1235400352.2931,54.29900292229585
23,Congo,2.4,10.0,2.5,1.0,7.9,36.7,1.0,343.1,8234.400000000001,34310.0,8577.5,3431.0000000000005,27104.9,125917.70000000003,3431.0000000000005,6.0,4.0,3.0,,,,10.0,10.0,345.22712143931034,259.3742460100002,259.3742460100002,194.87171000000012,161.05100000000007,161.05100000000007,133.10000000000005,13.0,10.0,7.0,5.0,3.0,13.872862717185765,14.904227909976346,14.904227909976346,16.276974981580615,17.436179011744077,17.436179011744077,18.838815888241864,,,,,,,,0.0,,
24,Costa Rica,0.200326721,0.495768115,0.201855928,3.059070043,5.532161587,39.97111838,0.388449745,142.732,285.93033541772,707.6197459018001,288.11300315295995,4366.2718537747605,7896.16487635684,57051.57668614159,554.4420900334001,6.0,3.0,2.0,Costa Rica,526.39,2009.0,4.188499927520752,4.856133460998535,162.13915578027397,143.36018464799787,143.36018464799787,126.7561955864608,118.05338305633593,118.05338305633593,109.94808724390737,11.0,8.0,5.0,3.5,2.0,9.883294656692787,12.21229899676555,12.21229899676555,15.145552471615053,16.02069941580512,16.02069941580512,18.66448175823321,17850519.239241824,54586625.60576701,22225378.427252542,417719518.3591981,799073184.0985137,5773484438.8747635,65367368.81809216,7150307033.422829,61846895120.7808,11.561303149428916
25,Cuba,0.279056701,0.140238224,0.014636671,1.097698231,2.019052949,5.459703073,12.42304518,378.572,1056.4305341097202,530.9026493612799,55.41033813812,4155.578147061321,7643.569130088281,20668.907117517563,47030.1705988296,6.0,3.0,3.0,,,,10.0,10.0,313.84283767210036,235.7947691000002,235.7947691000002,177.1561000000001,153.55610346059197,153.55610346059197,133.10000000000005,12.0,9.0,6.0,4.5,3.0,14.184453409871747,15.318955121941382,15.318955121941382,16.828976900706074,16.935578141662667,16.935578141662667,18.838815888241864,,,,,,,,0.0,107352000000.0,0.0
26,Côte d'Ivoire,29.243734,13.89978184,2.717805245,5.93556349,5.319423063,24.88652535,1.863336936,1747.294,510974.00955796003,242870.0541034096,47488.047977570306,103711.7447269606,92945.96001441524,434840.764249029,32557.97448251184,6.0,4.0,3.0,Côte d'Ivoire,108.02,2008.0,12.591800689697266,12.106266975402832,453.3669194977196,317.63586477114615,317.63586477114615,222.5405918470885,177.07182208050313,177.07182208050313,140.89308343555376,13.0,10.0,7.0,5.0,3.0,17.242398175579893,17.32049578131432,17.32049578131432,17.80430256954544,18.506245480407106,18.506245480407106,19.468641988817176,11420415360.060743,5452801743.906772,1066178832.8855506,2393526970.6099606,2229637474.541363,10431193171.574892,821634101.9008437,33815387655.48013,,
27,Democratic Republic of the Congo,5.834717033,8.943697425,16.64686476,4.66986701,3.041875239,23.96144263,1.053948346,8049.578,469670.0986506208,719929.9003093665,1340002.363410713,375904.5874662178,244858.1200259914,1928795.0144271017,84838.39419097989,6.0,2.0,4.0,,,,10.0,10.0,313.84283767210025,235.7947691000002,235.7947691000002,177.1561000000001,161.05100000000004,161.05100000000004,146.41000000000005,12.0,9.0,6.0,5.0,4.0,14.184453409871738,15.318955121941382,15.318955121941382,16.828976900706074,17.436179011744077,17.436179011744077,18.104101333885886,,,,,,,,0.0,,
28,Dominican Republic,1.0,3.9,8.1,1.8,2.2,18.6,2.0,771.288,7712.88,30080.232,62474.328,13883.184000000001,16968.336,143459.56800000003,15425.76,6.0,2.0,4.0,,,2012.0,9.171299934387207,4.589166641235352,221.60068838145074,170.31216132178128,170.31216132178128,130.89414345214837,125.15076623676052,125.15076623676052,119.65939710185869,12.0,9.0,6.0,5.0,4.0,11.022855938716914,12.331638992774721,12.331638992774721,14.019941133045664,15.038322261686409,15.038322261686409,16.138695605179695,,,,,,,,0.0,78844702329.0785,0.0
29,Egypt,3.3,5.5,0.3,2.6,6.1,6.1,4.6,5275.602,174094.866,290158.11000000004,15826.805999999999,137165.652,321811.72199999995,321811.72199999995,242677.69199999998,6.0,3.0,3.0,Egypt,101.89,,10.0,10.0,313.84283767210036,235.7947691000002,235.7947691000002,177.1561000000001,153.55610346059197,153.55610346059197,133.10000000000005,12.0,9.0,6.0,4.5,3.0,14.184453409871747,15.318955121941382,15.318955121941382,16.828976900706074,16.935578141662667,16.935578141662667,18.838815888241864,3019335529.7053437,5434713642.831102,296438925.9726055,2822382657.014241,6663688610.171262,6663688610.171262,5589799956.685375,30490047932.55119,,
30,Eswatini,0.3,7.4,15.6,3.8,4.8,42.9,0.5,52.267,156.80100000000002,3867.7580000000007,8153.652000000001,1986.146,2508.8160000000003,22422.543,261.33500000000004,7.0,3.0,2.0,Eswatini,31.74,,10.0,10.0,313.84283767210036,224.8214910766528,224.8214910766528,161.05100000000007,139.59645769144723,139.59645769144723,121.00000000000001,12.0,8.5,5.0,3.5,2.0,14.184453409871747,14.818354251859972,14.818354251859972,17.436179011744077,17.603500463804483,17.603500463804483,19.647001898033455,847129.1021677207,21829683.268916793,46019332.2966354,13190178.037330113,16821162.845833287,150339142.93463504,1955609.026920678,251002237.512439,3972728948.47088,6.318131459964084
31,Ethiopia,12.08390197,20.58255365,12.89644674,3.964378397,9.339765013,25.26253573,6.052724954,5161.231,623678.0944852507,1062313.1395754316,665615.4070433694,204610.72678326708,482046.84717811,1303857.8254828362,312395.1166705837,6.0,4.0,2.0,Ethiopia,24.85,2014.0,13.409934043884277,8.821516036987305,353.3419641711474,242.23780652432225,242.23780652432225,166.0690233818157,140.23586181367114,140.23586181367114,118.42122352588287,12.0,9.0,6.0,4.0,2.0,15.538285030367936,15.612886446174679,15.612886446174679,16.155767267925906,17.6504784152758,17.6504784152758,19.417747480469735,2889822801.3938155,4945877931.587911,3098947410.1171527,985742826.8211141,2537192197.9324107,6862689635.65248,1808884029.8110285,23129156833.31591,107645054311.876,21.486502079607543
32,Gabon,1.5,5.6,11.6,1.8,4.4,62.4,0.4,119.009,1785.135,6664.503999999999,13805.043999999998,2142.1620000000003,5236.396000000001,74261.61600000001,476.036,5.0,4.0,3.0,Gabon,256.01,2005.0,5.72796630859375,10.590950012207031,267.2923409267619,232.54757662505133,232.54757662505133,202.31921051939756,165.42378138394523,165.42378138394523,135.25669350483972,12.0,9.5,7.0,5.0,3.0,12.58893624203856,13.79165292994359,13.79165292994359,16.68807843952013,17.72824684136239,17.72824684136239,19.013116840043853,69039601.29966539,282372453.9783083,584914368.9550673,109823889.14557979,285191415.0968625,4044532795.919141,27805537.197912753,5403680061.592538,15316826191.5682,35.2793718098546
33,Georgia,0.23239629,0.060044835,0.0,0.024619424,0.865297061,4.424182647,8.059706559,131.519,305.6452766451,78.97036654365,0.0,32.37922025056,1138.0300416565901,5818.64077550793,10600.04546933121,6.0,3.0,3.0,Georgia,7.1,2013.0,3.2605066299438477,7.170163154602051,183.6744974772254,166.81922751565818,166.81922751565818,151.51071624612192,136.56283167881332,136.56283167881332,123.08968935135141,12.0,9.0,6.0,4.5,3.0,9.722936648290213,12.172291375885614,12.172291375885614,15.271783785332612,15.800559586735433,15.800559586735433,18.029796586251322,253194.77517423662,81898.52655085867,0.0,42130.41600851917,1532024.7784955846,7833098.880471274,16283139.740173224,26025487.116873696,15846489610.8073,0.16423503095047828
34,Ghana,3.124487162,5.078461321,12.39622511,2.42793924,3.520602611,52.35746947,3.63645979,1917.41,59909.2292929042,97374.9252149861,237686.45988165098,46553.54978168401,67504.3865235751,1003907.355364727,69725.843659439,6.0,3.0,4.0,Ghana,72.4,2012.0,2.717116594314575,8.806391716003418,212.04975548128792,195.6632743404397,195.6632743404397,180.54308451678693,159.07401602997015,159.07401602997015,140.15791656395663,13.0,10.0,7.0,5.5,4.0,9.723179946290378,12.261960544766346,12.261960544766346,15.486032105064245,15.731028944849207,15.731028944849207,17.644751664334972,506083138.8066459,1037353708.2118452,2532119331.6000614,626343781.1559341,922590412.5768163,13720520233.916672,1068880466.247482,20413891072.515457,68532281805.6722,29.787263074649097
35,Guinea,36.45937821,10.51295471,5.211449702,3.851929109,3.648125058,24.39502066,0.734434411,884.589,322515.6491140569,92996.44093964192,46099.910804424784,34073.741186012005,32270.912969311623,215795.6693060874,6496.72601192079,6.0,4.0,3.0,,,1994.0,19.46576690673828,6.294070243835449,445.6809947732214,261.39284080265287,261.39284080265287,153.30745089915234,135.68917049636067,135.68917049636067,120.09560449936512,13.0,10.0,7.0,5.0,3.0,17.00291191469603,14.987944529020746,14.987944529020746,13.98261990251103,15.742205806160532,15.742205806160532,17.787818837300897,,,,,,,,0.0,15681050917.1563,0.0
36,Guinea-Bissau,11.42182603,12.17003791,38.74718527,2.943049449,4.082701206,24.29962437,0.111476788,128.067,14627.589941840102,15585.802450199699,49622.357759730905,3769.0751378508303,5228.59295348802,31119.7999419279,142.76497808796,6.0,3.0,3.0,Guinea-Bissau,32.48,,10.0,10.0,313.84283767210036,235.7947691000002,235.7947691000002,177.1561000000001,153.55610346059197,153.55610346059197,133.10000000000005,12.0,9.0,6.0,4.5,3.0,14.184453409871747,15.318955121941382,15.318955121941382,16.828976900706074,16.935578141662667,16.935578141662667,18.838815888241864,80869107.2828815,93058399.25689498,296281002.8696567,24722351.46562404,34512953.54986148,205415915.79819673,1048268.5380673083,735907998.7611828,1431758242.90375,51.3989007857002
37,Guyana,0.9,1.2,0.6,0.9,7.7,5.7,7.4,29.302,263.718,351.62399999999997,175.81199999999998,263.718,2256.254,1670.2140000000002,2168.3480000000004,6.0,3.0,2.0,Guyana,170.4,,10.0,10.0,285.3116706110003,214.35888100000017,214.35888100000017,161.05100000000007,139.59645769144723,139.59645769144723,121.00000000000001,11.0,8.0,5.0,3.5,2.0,14.527203171826315,15.77515505510292,15.77515505510292,17.436179011744077,17.603500463804483,17.603500463804483,19.647001898033455,7833802.538615218,11342348.398016095,5671174.199008048,9402469.407934789,81215301.65235008,60120418.10628513,87111623.41296166,262697137.71517104,5471256594.72422,4.801404086375378
38,Haiti,2.026869839,7.52809657,26.82256531,2.064833539,1.577665228,37.46682152,0.565226645,921.408,18675.740846133125,69364.4840437056,247145.26257156482,19025.541415029118,14536.733624010241,345222.29083100165,5208.0435251616,6.0,3.0,4.0,Haiti,160.4,2012.0,13.559033393859863,8.57683277130127,381.49627859467915,260.5105071244671,260.5105071244671,177.89354216571792,157.23688421222886,157.23688421222886,138.97883788124574,13.0,10.0,7.0,5.5,4.0,15.002975897303552,14.95135175038306,14.95135175038306,15.339776858804814,15.619477913050448,15.619477913050448,17.558123037443117,539312964.4862779,1996196221.288471,7112435795.584545,561748183.3426704,437037754.0656884,10378891059.061108,176010389.1295569,21201632366.95832,14508218017.4032,146.13533062107348
39,Honduras,2.0,12.4,1.7,22.9,4.7,13.1,3.6,415.945,8318.9,51577.18,7071.0650000000005,95251.40499999998,19549.415,54488.795000000006,14974.02,6.0,3.0,2.0,,,2011.0,12.121334075927734,10.651333808898926,329.5435426913283,233.80190017118784,233.80190017118784,165.87589026090936,142.51096691926168,142.51096691926168,122.43717673688379,11.0,8.0,5.0,3.5,2.0,16.19485417072345,16.7508445002019,16.7508445002019,17.75844420245867,17.817633698652486,17.817633698652486,19.774767572591667,,,,,,,,0.0,23662231633.9139,0.0
40,India,4.4,2.5,1.3,2.6,3.1,11.9,3.9,101375.691,4460530.404000001,2534392.2750000004,1317883.9830000002,2635767.9660000005,3142646.4210000006,12063707.229000002,3953651.949,5.0,3.0,4.0,India,51.03,2009.0,5.767566680908203,5.976767063140869,198.7180112290151,172.72529762152635,172.72529762152635,150.1324829789196,137.61274791921937,137.61274791921937,126.13704918566917,12.0,9.5,7.0,5.5,4.0,10.238552724028837,11.310660231490957,11.310660231490957,13.807361063997998,14.427896214609156,14.427896214609156,16.614618131582688,27966098914.973106,17553697382.464024,9127922638.881294,22285617472.334236,27765490197.161873,106583655918.13748,40224959253.23627,251507441777.1883,2660245248867.63,9.45429530921053
41,Indonesia,0.8,3.1,0.1,8.0,5.7,4.3,9.3,14035.824,112286.59200000002,435110.544,14035.824000000002,1122865.92,800041.9680000001,603540.432,1305331.6320000002,6.0,3.0,3.0,Indonesia,111.04,2010.0,12.72499942779541,10.034116744995117,364.1544493748775,254.22888654663655,254.22888654663655,177.48602788100786,153.77053576787623,153.77053576787623,133.22388219872886,12.0,9.0,6.0,4.5,3.0,15.908882703339524,16.159919436646124,16.159919436646124,16.84901019128989,16.94990055412503,16.94990055412503,18.848827874229354,2380281272.778826,9369135029.626055,302230162.24600184,25209428073.01493,18069270656.5021,13631204179.466497,32784299611.67289,101745848985.30731,1058423838345.14,9.612958939434728
42,Iraq,4.908527203,14.88281453,1.820452872,8.11244046,9.606018934,25.63202374,1.209188411,2532.631,124314.88158661092,376926.77445928426,46105.35377666231,205458.18194650262,243285.0133883535,649164.5791665993,30624.28054539341,6.0,3.0,3.0,Iraq,338.41,2006.0,7.686399936676025,1.1626167297363281,167.14195475095008,133.84523115337913,133.84523115337913,107.18162252676211,105.33925568675302,105.33925568675302,103.52855766732294,12.0,9.0,6.0,4.5,3.0,9.156284139896748,10.668017882231576,10.668017882231576,12.580111856652927,13.71506724851662,13.71506724851662,16.448893289979047,4622392458.604324,16329209351.752068,1997374623.057021,10496206769.609192,13549951232.554432,36155734655.007034,2045629659.1415954,85196498749.72568,166756984395.973,51.090213137593224
43,Jamaica,0.6,0.1,0.1,0.1,1.3,16.8,3.7,93.406,560.436,93.406,93.406,93.406,1214.2780000000002,15692.208000000002,3456.022000000001,6.0,3.0,2.0,Jamaica,235.2,2002.0,9.286799430847168,1.234066367149353,181.1505488223747,138.78308331268553,138.78308331268553,106.32451482474798,104.38627177488016,104.38627177488016,102.483361932284,11.0,8.0,5.0,3.5,2.0,10.60007120504932,11.98261093120882,11.98261093120882,13.780874905652723,15.016556858356282,15.016556858356282,18.0008642362162,16766923.034176014,3158964.868342122,3158964.868342122,3633039.571416913,51464416.71246949,665078615.9765286,175585406.86940792,918846331.9006832,13812425036.5864,6.652317239491544
44,Jordan,1.355486567,1.955031715,0.466872438,1.649786193,7.056153032,8.375706294,4.240015228,420.013,5693.21979465371,8211.38735712295,1960.92493301694,6929.316482805089,29636.760034294155,35179.05527661822,17808.615159579636,6.0,4.0,2.0,Jordan,211.27,2002.0,10.340332984924316,4.238316059112549,231.51016396403978,172.3325014057929,172.3325014057929,128.28158613973704,118.061839994607,118.061839994607,108.65626534839443,12.0,9.0,6.0,4.0,2.0,11.362502978419617,12.423806893903684,12.423806893903684,13.861306101515275,16.02132075936842,16.02132075936842,18.54963819609266,164002715.5388997,258636795.32560742,61763904.01430053,243508222.14601886,1203782755.111175,1428899111.5794344,837499720.246877,4198093223.9623127,43697659295.7747,9.607135237031434
45,Kazakhstan,0.157539566,0.0,0.0,0.0,0.0,0.0,0.0,447.082,704.3310424641201,0.0,0.0,0.0,0.0,0.0,0.0,4.0,5.0,2.0,Kazakhstan,102.92,,10.0,10.0,285.3116706110002,235.79476910000014,235.79476910000014,194.8717100000001,153.55610346059194,153.55610346059194,121.00000000000001,11.0,9.0,7.0,4.5,2.0,14.527203171826311,15.31895512194138,15.31895512194138,16.27697498158061,16.935578141662667,16.935578141662667,19.647001898033455,12636880.068720277,0.0,0.0,0.0,0.0,0.0,0.0,12636880.068720277,171082379532.988,0.007386429919443364
46,Kenya,2.2,2.9,13.3,1.7,2.1,32.4,4.7,4999.11,109980.42000000001,144974.19,664881.63,84984.87,104981.31,1619711.64,234958.16999999998,6.0,2.0,4.0,Kenya,159.36,2005.0,17.550132751464844,15.862601280212402,638.2611234508663,392.94251506336377,392.94251506336377,241.9132459603863,208.79321134463552,208.79321134463552,180.20759851547913,12.0,9.0,6.0,5.0,4.0,25.303882432310004,22.488034242438633,22.488034242438633,20.761044473900345,20.624987878293457,20.624987878293457,20.587260087046158,5321855790.84659,6234516116.724184,28592780811.183323,3374048960.670575,4140628402.9681506,63883981074.36574,9250169041.046286,120797980197.80484,101013726529.063,119.58570814932725
47,Kiribati,1.168022408,2.620713075,0.207148179,5.074869665,8.265644838,9.994878666,8.705849001,8.16,95.31062849279999,213.85018692,16.903291406399997,414.10936466399994,674.4766187808,815.5820991456,710.3972784816001,6.0,3.0,4.0,,,,10.0,10.0,345.2271214393104,259.3742460100002,259.3742460100002,194.87171000000012,168.91171380665116,168.91171380665116,146.41000000000005,13.0,10.0,7.0,5.5,4.0,13.872862717185765,14.904227909976346,14.904227909976346,16.276974981580615,16.328376030624668,16.328376030624668,18.104101333885886,,,,,,,,0.0,197508774.344505,0.0
48,Kyrgyzstan,0.449410302,0.19385447,0.0,0.0,0.425818863,2.526327457,12.36189111,199.191,895.18487465682,386.14065733769996,0.0,0.0,848.1928513983299,5032.21692487287,24623.774520920102,4.0,5.0,2.0,Kyrgyzstan,23.97,,10.0,10.0,285.3116706110002,235.79476910000014,235.79476910000014,194.8717100000001,153.55610346059194,153.55610346059194,121.00000000000001,11.0,9.0,7.0,4.5,2.0,14.527203171826311,15.31895512194138,15.31895512194138,16.27697498158061,16.935578141662667,16.935578141662667,19.647001898033455,3740623.742821648,1701468.6656436082,0.0,0.0,4131843.989375092,24513688.39054627,139155441.2836786,173243066.0720652,,
49,Lao People's Democratic Republic,4.573769586,8.570702792,1.050972493,9.213757422,11.48395388,22.66174967,3.574342804,429.017,19622.24906476962,36769.77199715464,4508.85066029381,39528.58567914174,49268.1144173596,97222.7585817439,15334.53826743668,5.0,4.0,3.0,Lao People's Democratic Republic,126.74,,10.0,10.0,313.8428376721003,247.303640184318,247.303640184318,194.87171000000012,161.05100000000007,161.05100000000007,133.10000000000005,12.0,9.5,7.0,5.0,3.0,14.184453409871745,14.403627039894937,14.403627039894937,16.276974981580615,17.436179011744077,17.436179011744077,18.838815888241864,423307865.209646,805485548.8395884,98771731.54686792,978543013.3422546,1306508409.022346,2578185772.635163,439358723.98816055,6630161064.584025,,
50,Lebanon,1.9,12.4,0.0,8.0,16.5,11.4,9.9,342.864,6514.416,42515.136,0.0,27429.12,56572.56,39086.496,33943.536,6.0,3.0,3.0,Lebanon,447.76,,10.0,10.0,313.84283767210036,235.7947691000002,235.7947691000002,177.1561000000001,153.55610346059197,153.55610346059197,133.10000000000005,12.0,9.0,6.0,4.5,3.0,14.184453409871747,15.318955121941382,15.318955121941382,16.828976900706074,16.935578141662667,16.935578141662667,18.838815888241864,496494719.1154518,3499445679.155857,0.0,2480253828.9454384,5147927224.387369,3556749718.6676373,3435873958.6594515,18616745128.931206,31735217784.5445,58.66273001598188
51,Lesotho,1.26050344,11.29450431,5.077054755,10.46204682,11.64626368,38.18589805,1.114153123,87.568,1103.7976523391999,9890.371534180798,4445.8753078583995,9161.405159337599,10198.4001793024,33438.627204424,975.64160674864,7.0,3.0,2.0,Lesotho,110.71,,10.0,10.0,313.84283767210036,224.8214910766528,224.8214910766528,161.05100000000007,139.59645769144723,139.59645769144723,121.00000000000001,12.0,8.5,5.0,3.5,2.0,14.184453409871747,14.818354251859972,14.818354251859972,17.436179011744077,17.603500463804483,17.603500463804483,19.647001898033455,20800327.262563657,194706601.30805135,87523635.28921716,212217652.42271492,238505930.47834605,782015880.4412808,25465645.944356553,1561235673.1465304,1875227642.47384,83.2557945384655
52,Liberia,9.284451847,7.993616554,39.85185874,0.564388556,1.776378409,29.12589319,0.526631668,341.131,31672.143430189568,27268.704086825735,135947.04423834936,1925.30432496836,6059.777430405789,99357.45069797889,1796.5038753650801,6.0,3.0,3.0,,,2010.0,12.807833671569824,6.774719715118408,305.3839413407069,212.7298423063027,212.7298423063027,148.18718236783778,134.30988595174986,134.30988595174986,121.73215777592942,12.0,9.0,6.0,4.5,3.0,13.894524939473396,14.266733315775333,14.266733315775333,15.069978106632567,15.650080312567455,15.650080312567455,17.92008278354067,,,,,,,,0.0,3201187800.0,0.0
53,Madagascar,12.46629275,24.4165597,3.698736678,13.50384081,12.26570469,18.47112058,3.294681059,1845.062,230010.83033900496,450500.664732014,68243.98492584037,249154.2353258022,226309.85626740777,340803.62679575954,60788.90824080658,5.0,4.0,3.0,Madagascar,48.95,2010.0,2.7690868377685547,10.3333740234375,228.1711769038949,213.11034812399913,213.11034812399913,199.0436351067305,163.50630193745613,163.50630193745613,134.31381897204193,12.0,9.5,7.0,5.0,3.0,11.248059276416212,12.985538171486725,12.985538171486725,16.5072660481169,17.60017410890657,17.60017410890657,18.936915039404266,1519706861.6037316,3436286227.80984,520544993.35983527,2415891173.5787053,2339668753.5226617,3523344541.2075534,676188089.0938295,14431630640.176159,13056079982.3887,110.53570949046676
54,Malawi,2.23232304,15.18177347,17.9710741,4.02785625,6.023283394,43.36153482,0.630120149,883.0,19711.412443199995,134055.05974009997,158684.58430299998,35565.970687500005,53185.59236902,382882.3524606,5563.96091567,6.0,4.0,2.0,Malawi,22.62,,10.0,10.0,313.84283767210025,235.7947691000002,235.7947691000002,177.1561000000001,146.41000000000005,146.41000000000005,121.00000000000001,12.0,9.0,6.0,4.0,2.0,14.184453409871738,15.318955121941382,15.318955121941382,16.828976900706074,18.104101333885886,18.104101333885886,19.647001898033455,75893432.77017924,557424690.0468959,659838616.9967203,162467398.7855819,261363428.90230334,1881551752.0412757,29672504.498069048,3628211824.041025,12182348212.7073,29.782532568363703
55,Maldives,0.50887708,0.68920772,0.54705597,1.409422997,1.964223999,30.3880565,10.79485305,9.384,47.753025187199995,64.67525244480001,51.3357322248,132.26025403848,184.32278006616002,2851.61522196,1012.989010212,7.0,3.0,2.0,Maldives,242.19,2004.0,2.76391339302063,3.485943078994751,143.64524358682803,130.57169128796133,130.57169128796133,118.6879992687905,112.74174858226603,112.74174858226603,107.0934041494894,12.0,8.5,5.0,3.5,2.0,8.350934924074933,10.518679015451047,10.518679015451047,14.606659629615622,15.630445900253305,15.630445900253305,18.41069911491053,1158973.3302296638,1977137.1128853988,1569344.9590386497,5614585.698096374,8373129.978504179,129538762.88965389,54201645.00308706,202433578.9714952,3742769967.42798,5.408656709688385
56,Mali,36.31037784,14.26314491,2.259324129,4.556967743,6.90863752,20.84258826,2.28076532,1349.083,489857.13467520726,192421.6632461753,30480.15773923707,61477.277136296696,93203.2543139416,281183.8149756558,30769.417202015604,6.0,3.0,3.0,Mali,67.5,1994.0,21.231966018676758,12.40451717376709,640.3323981587861,359.3801051002203,359.3801051002203,201.69846210064554,169.2493229823578,169.2493229823578,142.0205837548366,12.0,9.0,6.0,4.5,3.0,25.374875323618227,20.95691732424603,20.95691732424603,18.31919430844317,17.98376330414856,17.98376330414856,19.559764987225172,10068351612.20228,3266377559.315645,517403818.07464695,912233490.1852022,1357677664.454214,4095961970.5185547,487492481.1049,20705498595.855442,17465392915.9153,118.55157622584949
57,Mauritania,16.07514036,24.05459948,0.0,5.608666111,3.484146314,31.24091584,0.87407865,281.848,45307.461601852796,67797.4075423904,0.0,15807.91326053128,9819.996703082721,88051.8964767232,2463.573193452,6.0,4.0,3.0,Mauritania,1067.17,2000.0,11.945899963378906,6.230932712554932,300.47345789732793,214.1812942803634,214.1812942803634,152.67114486793272,135.28665943599745,135.28665943599745,119.88172511042615,13.0,10.0,7.0,5.0,3.0,12.478380214857623,13.029953222846085,13.029953222846085,13.947495687472598,15.715321193947977,15.715321193947977,17.770533404308566,7240070572.150088,11312817944.192417,0.0,2823485970.0180283,1976284468.9893932,17720535019.87251,560635749.7396914,41633829724.962135,7913680231.1828,526.0994696362584
58,Moldova,2.2,0.2,0.1,0.2,1.8,6.6,14.6,79.5,1749.0,159.0,79.5,159.0,1431.0000000000002,5247.0,11607.0,6.0,3.0,3.0,,,,10.0,10.0,313.84283767210036,235.7947691000002,235.7947691000002,177.1561000000001,153.55610346059197,153.55610346059197,133.10000000000005,12.0,9.0,6.0,4.5,3.0,14.184453409871747,15.318955121941382,15.318955121941382,16.828976900706074,16.935578141662667,16.935578141662667,18.838815888241864,,,,,,,,0.0,11915547262.6561,0.0
59,Mongolia,0.759262433,0.754787511,0.0,0.414134545,1.07704934,5.609804531,5.190751948,91.423,694.14049412159,690.04938618153,0.0,378.61422507535,984.6708181082001,5128.651596376129,4745.541153420039,5.0,4.0,3.0,Mongolia,149.29,2011.0,13.721932411193848,4.188283920288086,253.48563206261792,183.79884203495607,183.79884203495607,133.26993746551145,122.7706129820876,122.7706129820876,113.09845039807375,12.0,9.5,7.0,5.0,3.0,12.115711624382408,11.76991025160623,11.76991025160623,12.876545315523835,14.879346512794958,14.879346512794958,17.22231863199895,15066357.644873763,14550076.919343222,0.0,8733900.735024486,26247436.22585731,136709602.05680814,146416266.31588176,347723639.89778864,13312981594.573,2.611914073700344
60,Montenegro,2.394414252,0.505478551,1.085280729,0.442186925,0.884685768,4.441617949,0.797628424,31.196,746.96147005392,157.68908876996002,338.56417621884,137.94463312300002,275.98657218528,1385.6071353700404,248.82816315103997,5.0,4.0,4.0,Montenegro,378.44,,10.0,10.0,345.2271214393103,272.0340042027498,272.0340042027498,214.3588810000001,177.1561000000001,177.1561000000001,146.41000000000005,13.0,10.5,8.0,6.0,4.0,13.872862717185763,14.026602301744907,14.026602301744907,15.775155055102912,16.828976900706074,16.828976900706074,18.104101333885886,47058986.430276476,10044594.453106973,21566107.541083954,9882270.218877094,21092300.33458823,105895158.64327298,20457604.8302254,235997022.45143113,4769860740.74074,4.947671122465134
61,Mozambique,8.9,31.0,16.6,7.5,3.4,28.8,0.7,1443.972,128513.508,447631.32,239699.352,108297.9,49095.048,415863.93600000005,10107.803999999998,7.0,3.0,2.0,Mozambique,111.91,2008.0,20.178565979003906,13.291718482971191,675.7404943977031,355.1283829881408,355.1283829881408,186.63402511666953,154.7724209155659,154.7724209155659,128.35013476824798,12.0,8.5,5.0,3.5,2.0,26.588486979333563,20.76295378991082,20.76295378991082,19.144926366077886,18.718500569517598,18.718500569517598,20.300432267909343,4588730424.553131,12481297785.546154,6683533652.90536,2784350327.812775,1234124254.6881113,10453758392.652239,275557502.19046575,38501352340.348236,14019446610.1963,274.628189049533
62,Namibia,3.0,8.2,5.5,4.0,8.1,36.7,7.1,96.054,2881.62,7876.427999999999,5282.969999999999,3842.1600000000003,7780.374,35251.81800000001,6819.833999999999,7.0,3.0,2.0,,,2014.0,12.625166893005371,14.214083671569824,446.7313511233322,294.660801243181,294.660801243181,194.3561551499507,159.227768724621,159.227768724621,130.44856908936353,12.0,8.5,5.0,3.5,2.0,18.73920404506242,18.00442311486178,18.00442311486178,19.660704668448904,19.04584145752068,19.04584145752068,20.486984046596465,,,,,,,,0.0,10619194505.3543,0.0
63,Nepal,3.119346122,4.156674427,7.901830972,2.330390365,3.097098041,38.53651328,1.072706718,2453.455,76531.7533975151,101982.13656295284,193867.8670740826,57175.07892961075,75985.90674181655,945476.011893824,26318.3766081069,5.0,3.0,4.0,Nepal,85.94,2010.0,9.674599647521973,5.052016735076904,224.05830593855433,177.86721443611287,177.86721443611287,141.1987198543678,131.1366750568333,131.1366750568333,121.79166753564252,12.0,9.5,7.0,5.5,4.0,11.107090721984171,11.52390951395792,11.52390951395792,13.314215625021514,14.03466770328148,14.03466770328148,16.295356617332086,876634539.7056484,1211994199.3349683,2303998898.7305393,785052958.025291,1099795099.089154,13684509783.114128,442282302.57639885,20404267780.576126,33657175561.329,60.62382668859465
64,Niger,61.6,15.1,0.8,2.8,5.8,9.0,0.6,1509.873,930081.768,227990.823,12078.984,42276.443999999996,87572.63399999999,135888.56999999998,9059.238000000001,6.0,4.0,3.0,Niger,60.84,2011.0,38.6956672668457,6.257501125335693,1088.6657350697012,408.042942908635,408.042942908635,152.93862743542627,135.45592040679537,135.45592040679537,119.97169505786955,13.0,10.0,7.0,5.0,3.0,37.037717976245254,21.0699233271009,21.0699233271009,13.962260776531494,15.72662651201431,15.72662651201431,17.777804649591115,25149873387.660492,3507121186.654413,185807744.9883133,430947779.13654065,1005482316.3102751,1560231180.481461,117581839.57892641,31957045434.810417,13741378450.136,232.5606965179984
65,Nigeria,22.32485106,1.416621055,4.320895584,5.527964666,0.824094807,17.84277489,1.720761869,13620.092,3040665.2532349755,192945.09098237063,588509.9537647372,752913.8732366927,112242.47088062245,2430202.355370899,234369.34965871947,6.0,3.0,3.0,Nigeria,114.42,2003.0,16.62380027770996,6.7509002685546875,372.3509039285248,234.74202411472396,234.74202411472396,147.98894619054064,134.17510945181718,134.17510945181718,121.65070743343034,12.0,9.0,6.0,4.5,3.0,16.18981598805294,15.270928902749466,15.270928902749466,15.05794116409867,15.641078289286943,15.641078289286943,17.913500080810625,67591753520.89336,4045594760.471284,12339639082.361305,15566611434.346207,2410499789.5190086,52190603255.166565,5764537309.856591,159909239152.61435,432293776262.398,36.99087239589382
66,North Macedonia,0.412872107,1.76566205,0.0,0.092694328,3.090321744,0.73670506,1.690421878,96.386,397.9509090530199,1701.851023513,0.0,89.34435498607999,2978.6375161718397,710.0805391316,1629.33003132908,5.0,4.0,4.0,North Macedonia,389.83,,10.0,10.0,345.2271214393103,272.0340042027498,272.0340042027498,214.3588810000001,177.1561000000001,177.1561000000001,146.41000000000005,13.0,10.5,8.0,6.0,4.0,13.872862717185763,14.026602301744907,14.026602301744907,15.775155055102912,16.828976900706074,16.828976900706074,18.104101333885886,25825699.516536005,111668460.20094225,0.0,6593215.310044167,234494074.809699,55901289.82127234,137988387.0354708,572471126.6939646,12263710122.7645,4.668009280742176
67,Pakistan,22.52967797,6.323955231,9.636203868,6.657674825,2.471901162,25.08989529,1.914387133,18116.985,4081698.3783732047,1145710.0206069853,1745789.60933498,1206169.949394026,447833.96273436566,4545532.566205007,346829.22972754005,5.0,3.0,4.0,Pakistan,116.64,2010.0,13.380233764648438,7.00066614151001,300.87916168609206,219.81065490197503,219.81065490197503,160.58514567002186,145.08604691410417,145.08604691410417,131.08286523845806,12.0,9.5,7.0,5.5,4.0,13.740123724045693,13.263418126420762,13.263418126420762,14.384350050543953,14.881676507220378,14.881676507220378,16.977994435297845,78498310439.28693,21269580746.979248,32409782925.10303,24284407090.89557,9328195580.851227,94681556838.15244,8241966316.523598,268713799937.79202,262610002938.509,102.32428198887466
68,Panama,0.6,1.7,1.6,5.0,6.6,16.5,4.7,215.306,1291.8360000000002,3660.202,3444.896,10765.300000000001,14210.196000000002,35525.490000000005,10119.382,6.0,3.0,3.0,,,2012.0,10.868332862854004,6.415416240692139,269.6946870109552,197.901843498745,197.901843498745,145.2202862958544,132.28800482819133,132.28800482819133,120.5073799797566,12.0,9.0,6.0,4.5,3.0,12.67127659688753,13.59028010928261,13.59028010928261,14.889827550818701,15.515034359053272,15.515034359053272,17.821097955543653,,,,,,,,0.0,53977036995.1729,0.0
69,Peru,0.7,3.2,0.7,5.2,4.3,9.0,2.0,989.976,6929.831999999999,31679.232,6929.831999999999,51478.75200000001,42568.968,89097.84,19799.52,6.0,3.0,2.0,Peru,278.67,2012.0,14.579899787902832,4.869932651519775,287.0156473226373,190.8008300547972,190.8008300547972,126.83962386439647,118.10776787616433,118.10776787616433,109.97702774334294,11.0,8.0,5.0,3.5,2.0,14.591447309178186,14.592965115774975,14.592965115774975,15.151124832528161,16.02469514767152,16.02469514767152,18.667054581976842,338136879.9198834,1545929385.2185922,338172053.01656705,2608220774.998705,2281152719.865489,4774505692.741721,1235952905.424356,13122070411.185314,202014363787.233,6.495612571889113
70,Rwanda,2.1,32.1,10.3,12.9,5.7,22.6,1.3,810.708,17024.868000000002,260237.26799999998,83502.92400000001,104581.33200000001,46210.356,183220.008,10539.204,6.0,3.0,3.0,Rwanda,72.55,2010.0,34.10900115966797,19.686168670654297,1710.0600304383174,708.9858580738957,708.9858580738957,293.9434511079343,224.49043505928006,224.49043505928006,171.44779121001656,12.0,9.0,6.0,4.5,3.0,62.0397644556221,36.905929438194,36.905929438194,23.92032951423352,21.673440489759944,21.673440489759944,21.938030724476285,919544087.8093754,8361502056.446849,2682974180.1059985,2177910304.508872,871938461.1161265,3457159512.495519,201290887.2409634,18672319489.7237,10333991455.5443,180.68835812425408
71,Saint Lucia,0.0,0.0,0.7,1.4,0.5,6.4,2.8,4.957,0.0,0.0,34.69899999999999,69.39799999999998,24.785,317.248,138.79599999999996,7.0,3.0,2.0,,,,10.0,10.0,313.84283767210036,224.8214910766528,224.8214910766528,161.05100000000007,139.59645769144723,139.59645769144723,121.00000000000001,12.0,8.5,5.0,3.5,2.0,14.184453409871747,14.818354251859972,14.818354251859972,17.436179011744077,17.603500463804483,17.603500463804483,19.647001898033455,,,,,,,,0.0,,
72,Sao Tome and Principe,0.715486708,6.099479176,5.933247867,2.968096479,5.801159925,47.95898337,0.111835047,10.661,76.27803793988,650.26547495336,632.54355510087,316.42876562619,618.46165960425,5112.9072170757,11.92273436067,6.0,3.0,3.0,,,,10.0,10.0,313.84283767210036,235.7947691000002,235.7947691000002,177.1561000000001,153.55610346059197,153.55610346059197,133.10000000000005,12.0,9.0,6.0,4.5,3.0,14.184453409871747,15.318955121941382,15.318955121941382,16.828976900706074,16.935578141662667,16.935578141662667,18.838815888241864,,,,,,,,0.0,472914469.91933,0.0
73,Senegal,30.11806548,12.31683196,6.953802129,2.413710287,5.220220957,30.66190631,0.797440294,1022.681,308011.7332315188,125961.90025684761,71115.2131508785,24684.556500194467,53386.20788525718,313573.4900701711,8155.270373082141,6.0,4.0,3.0,Senegal,93.87,2011.0,9.835599899291992,6.451167583465576,271.9642148428689,205.249630503778,205.249630503778,154.90056604056207,136.69484795432064,136.69484795432064,120.62887783355083,13.0,10.0,7.0,5.0,3.0,11.590058735728455,12.659532821218855,12.659532821218855,14.070560164055628,15.809377248465166,15.809377248465166,17.830917242109276,4021248958.052084,1796242412.9273963,1014117457.7829204,391241378.30269074,950718401.7518588,5584215457.895306,163802343.96773258,13921586410.67999,24644234594.6566,56.49023651843701
74,Serbia,0.0,0.300467549,0.0,0.04626706,0.505433142,2.207655049,2.269115429,409.183,0.0,1229.4621310246698,0.0,189.31694411979998,2068.1464934298597,9033.34915914967,9284.83458584507,4.0,4.0,4.0,Serbia,392.6,2008.0,37.65433120727539,6.167335510253906,579.5446042611508,305.8490284517453,305.8490284517453,161.4088501852818,143.20082098458806,143.20082098458806,127.04678279487513,12.0,10.0,8.0,6.0,4.0,23.291375134802404,16.83166360485099,16.83166360485099,13.118016998059579,14.767205190801803,14.767205190801803,16.681457583909737,0.0,97493068.72190753,0.0,11700090.372004913,143883551.40433598,628461456.7792497,729692206.5241003,1611230373.8015983,53335016425.4148,3.020961615442246
75,Sierra Leone,17.70581351,5.699131046,7.800374271,3.899201384,4.84286755,29.32748309,2.010632333,709.802,125676.2184102502,40452.54614712892,55367.21258304342,27676.60940765968,34374.770727251,208167.06152248182,14271.508512280661,6.0,3.0,4.0,Sierra Leone,55.49,2011.0,5.50736665725708,4.351700305938721,185.86320039585522,158.2504887512122,158.2504887512122,134.74005148227292,126.40009902350478,126.40009902350478,118.57636135202031,13.0,10.0,7.0,5.5,4.0,8.907231262477437,10.710350518839746,10.710350518839746,12.957695891382388,13.747061806628572,13.747061806628572,16.059123392350283,745404145.0311108,288499800.46395004,394868340.9038476,238801273.6034509,314662990.8672201,1905539114.6733348,152611649.63505602,4040387315.1779704,4063289449.58795,99.43636468201146
76,South Africa,0.688548953,2.14382871,2.659261302,1.611151639,1.759658752,18.53801527,2.050412372,2925.404,20142.838613020118,62715.650835488406,77794.13649916007,47132.69449337156,51477.12751735808,542311.8402291908,59982.84554698288,7.0,2.0,3.0,South Africa,242.24,2011.0,8.879499435424805,12.272750854492188,323.5896537075504,240.26096815115844,240.26096815115844,178.39053923863156,158.89032546270232,158.89032546270232,141.52171765046307,12.0,8.5,5.0,4.0,3.0,14.5185252974683,15.522703092803836,15.522703092803836,18.594325543057646,19.021049009940572,19.021049009940572,19.519447326593777,850100521.567592,2829895431.8736753,3510276439.33747,2547591565.4566736,2846268544.5379653,29985455805.675144,3403468107.1650496,45973056415.61357,335442101366.417,13.70521357585801
77,South Sudan,47.0,8.0,28.3,1.4,0.9,8.3,0.5,761.943,358113.20999999996,60955.44,215629.869,10667.201999999997,6857.487000000001,63241.269,3809.715,6.0,2.0,4.0,,,,10.0,10.0,313.84283767210025,235.7947691000002,235.7947691000002,177.1561000000001,161.05100000000004,161.05100000000004,146.41000000000005,12.0,9.0,6.0,5.0,4.0,14.184453409871738,15.318955121941382,15.318955121941382,16.828976900706074,17.436179011744077,17.436179011744077,18.104101333885886,,,,,,,,0.0,11997800760.2242,0.0
78,State of Palestine,0.738936002,0.0,0.0,0.23585281,13.21204083,4.922314454,4.281131813,206.864,1528.59257117728,0.0,0.0,487.8945568784,27330.956142571198,10182.496572122562,8856.12051364432,6.0,3.0,3.0,,,,10.0,10.0,313.84283767210036,235.7947691000002,235.7947691000002,177.1561000000001,153.55610346059197,153.55610346059197,133.10000000000005,12.0,9.0,6.0,4.5,3.0,14.184453409871747,15.318955121941382,15.318955121941382,16.828976900706074,16.935578141662667,16.935578141662667,18.838815888241864,,,,,,,,0.0,,
79,Sudan,11.61155726,10.24734731,6.684971891,3.382237073,4.757080713,19.22544284,3.976731123,3014.881,350074.6336358606,308945.3270532011,201543.9473970997,101970.42288883313,143420.3225709015,579624.2233490204,119893.71104841362,6.0,3.0,3.0,Sudan,89.35,,10.0,10.0,313.84283767210036,235.7947691000002,235.7947691000002,177.1561000000001,153.55610346059197,153.55610346059197,133.10000000000005,12.0,9.0,6.0,4.5,3.0,14.184453409871747,15.318955121941382,15.318955121941382,16.828976900706074,16.935578141662667,16.935578141662667,18.838815888241864,5324134902.068519,5074421955.40037,3310356047.1519456,1839957271.1069736,2604273098.9781103,10525006117.16094,2421730479.207991,31099879871.074852,21329109521.8077,145.80955589954254
80,Suriname,1.799561365,5.012438343,0.989630676,2.353538863,14.89969977,43.05802194,1.231209785,30.421,547.44456284665,1524.8338683240302,301.05554794596,715.9700575132299,4532.6376670316995,13098.6808543674,374.54632869484993,6.0,4.0,3.0,,,1999.0,3.821533441543579,9.363349914550781,234.32966264015337,209.39434558251833,209.39434558251833,187.11242728694955,156.44404024794645,156.44404024794645,130.802310054839,13.0,10.0,7.0,5.0,3.0,10.41740111675139,12.831425434118392,12.831425434118392,15.84866108671652,17.128469886183524,17.128469886183524,18.65311980139008,,,,,,,,0.0,2884248048.49068,0.0
81,Tajikistan,1.278392909,0.093532054,0.430147958,0.053143746,1.068811016,2.516035843,6.134907641,321.65,4111.9507917985,300.84585169099995,1383.5709069069999,170.93685900899996,3437.830632964,8092.829289009501,19732.9304272765,4.0,5.0,2.0,Tajikistan,38.75,2003.0,9.203866958618164,2.068666696548462,164.134229486264,137.63317429840512,137.63317429840512,115.41097019644188,109.65185614816772,109.65185614816772,104.180127212111,11.0,9.0,7.0,4.5,2.0,9.95851387085187,10.840823823189629,10.840823823189629,11.890726894911317,14.003115459982418,14.003115459982418,18.15170745193238,19041247.333319347,1516558.8473955982,6974557.52863131,945142.0306387406,22385257.767645586,52696042.663346276,166556666.83264503,270115473.0036219,8194150301.78552,3.296442743364901
82,Tanzania,7.6,11.3,0.6,42.8,7.5,8.0,13.2,2421.656,184045.856,273647.128,14529.936,1036468.7679999999,181624.2,193732.48,319658.592,6.0,3.0,3.0,,,2012.0,22.215002059936523,15.281498908996582,782.1765729539175,428.48068136262924,428.48068136262924,234.72410277851634,189.6348994615557,189.6348994615557,153.20708298852125,12.0,9.0,6.0,4.5,3.0,30.236581038185644,24.109285151479494,24.109285151479494,20.324518182241757,19.345361462167094,19.345361462167094,20.463842205145994,,,,,,,,0.0,62409709110.9538,0.0
83,Thailand,0.677764871,0.662478016,0.085175017,6.504573225,2.355548198,14.45904846,11.43769008,2577.813,17471.510954071233,17077.44441859008,2195.6526609782104,167675.73418856927,60721.627669309746,372727.23087817983,294842.2617819504,6.0,3.0,3.0,Thailand,220.33,2011.0,3.2461166381835938,5.351924896240234,165.61406013782093,150.4790453411008,150.4790453411008,136.72717804228222,126.44193626015814,126.44193626015814,116.93039726362097,12.0,9.0,6.0,4.5,3.0,9.103915588402582,11.426852374297576,11.426852374297576,14.374124224734363,15.124562389717171,15.124562389717171,17.532011216698947,420546059.1264429,515946151.9237164,66335366.91002761,6372450797.98558,2428181258.3391957,14904891572.076511,13667099443.744875,38375450650.106346,501643653514.925,7.649942420524332
84,Timor-Leste,4.975190425,4.804067743,9.534558588,1.427717597,2.066497078,47.83660587,0.983732824,93.591,4656.330470661749,4496.17504135113,8923.48872809508,1336.21517620827,1934.05528027098,44770.757799791696,920.6853873098399,6.0,3.0,3.0,Timor-Leste,115.0,2007.0,25.707799911499023,4.828932285308838,523.6731751752308,263.61714435063163,263.61714435063163,132.70490468091626,123.64177489300552,123.64177489300552,115.19761485417841,12.0,9.0,6.0,4.5,3.0,21.376383232876318,16.588211694914715,16.588211694914715,14.129890937115023,14.93753336144514,14.93753336144514,17.391970166566498,137358996.3477032,102925234.69658777,204274113.70878053,26055193.097510286,39868221.07525911,922895269.7871648,22097295.248663314,1455474323.961669,1902156800.0,76.51705285083065
85,Togo,4.837392492,10.12132331,5.476239372,4.566397037,8.332888306,42.52770915,1.568876714,535.131,25886.38681636452,54162.3386420361,29305.054513777322,24436.20612806847,44591.86852078086,227578.95525148648,8395.54564839534,6.0,4.0,3.0,Togo,63.01,2011.0,14.983734130859375,8.209449768066406,401.4900356540995,264.0982637819545,264.0982637819545,173.7226001611993,148.36311514982486,148.36311514982486,126.70552890951059,13.0,10.0,7.0,5.0,3.0,15.625962758457542,15.10014578195993,15.10014578195993,15.109540059699292,16.588726860524392,16.588726860524392,18.322023680706835,305850325.5216761,618399705.4014162,334591111.32301503,279174501.94198245,559318845.960538,2854538346.0853763,116308938.76020199,5068181774.994206,7574636978.66173,66.90989666266015
86,Tonga,0.536307789,0.361462043,0.0,1.787670049,6.26244541,5.332802842,7.091599905,6.881,36.90333896109,24.872203178830002,0.0,123.00957607168998,430.91886866210007,366.95016355802005,487.97298946305,6.0,5.0,2.0,,,,10.0,10.0,345.22712143931034,259.3742460100002,259.3742460100002,194.8717100000001,153.55610346059194,153.55610346059194,121.00000000000001,13.0,10.0,7.0,4.5,2.0,13.872862717185765,14.904227909976346,14.904227909976346,16.27697498158061,16.935578141662667,16.935578141662667,19.647001898033455,,,,,,,,0.0,488829964.070819,0.0
87,Tunisia,1.687940164,3.276014619,0.120571887,3.164128296,13.61543187,11.82290094,2.612851172,629.305,10622.291849060199,20616.12379809795,758.7649134853499,19912.017573142795,85682.59352950349,74402.106760467,16442.8030679546,6.0,3.0,4.0,Tunisia,165.82,2001.0,11.905033111572266,8.92140007019043,357.18254398309483,254.88329095438976,254.88329095438976,181.88316619082835,160.00099487152266,160.00099487152266,140.75144443558705,13.0,10.0,7.0,5.5,4.0,14.245382556362898,14.71797578304899,14.71797578304899,15.560004870649811,15.787315295797024,15.787315295797024,17.68835902090525,301099824.9424815,603772397.0757556,22221505.609812763,616514296.9664398,2691652825.9305544,2337285003.494201,578737410.51965,7151283264.538895,41620349986.3089,17.182179551328435
88,Turkey,1.1,0.7,0.0,1.8,1.6,6.0,11.9,5445.438,59899.818000000014,38118.066,0.0,98017.884,87127.008,326726.27999999997,648007.1220000001,4.0,4.0,4.0,Turkey,419.91,2010.0,6.45686674118042,5.001949787139893,189.79013198404397,167.4658539004256,167.4658539004256,147.76749417591677,134.02449561992495,134.02449561992495,121.5596537408349,12.0,10.0,8.0,6.0,4.0,9.93254987543154,11.092536788397053,11.092536788397053,12.433466571092026,14.210016777502297,14.210016777502297,16.278310226146434,2997945411.699732,2130586636.8806767,0.0,6140942305.5283985,6238567154.740938,23394626830.278515,53152850903.93082,94055519243.05908,719954821683.31,13.064086302408532
89,Turkmenistan,0.480625244,0.0,0.0,0.0,0.371540584,2.513502605,0.0,196.509,944.47186073196,0.0,0.0,0.0,730.1106862125599,4939.258834059449,0.0,4.0,6.0,2.0,,,,10.0,10.0,313.84283767210025,259.3742460100002,259.3742460100002,214.3588810000001,161.05100000000007,161.05100000000007,121.00000000000001,12.0,10.0,8.0,5.0,2.0,14.184453409871738,14.904227909976346,14.904227909976346,15.775155055102912,17.436179011744077,17.436179011744077,19.647001898033455,,,,,,,,0.0,45231428571.4286,0.0
90,Uganda,3.6,33.8,9.4,10.6,8.4,19.7,5.0,2065.283,74350.18800000001,698065.6539999999,194136.60199999998,218919.998,173483.77200000003,406860.75099999993,103264.15,7.0,4.0,2.0,Uganda,1.61,2012.0,13.868733406066895,14.507800102233887,559.5538089411095,355.16171278960667,355.16171278960667,225.42933354408223,171.9254955195713,171.9254955195713,131.12036284253156,13.0,9.5,6.0,4.0,2.0,20.5510828191634,18.876794813846292,18.876794813846292,19.7601378321658,19.978761925869286,19.978761925869286,20.546706821001806,29520513.151745692,254584317.70336542,70801555.81099512,83576181.94635494,66962945.71021872,157044051.2489653,40991982.3170835,703481547.8887286,37600368180.9399,1.8709432431710395
91,Ukraine,0.4,0.0,0.0,0.0,0.0,1.7,0.9,822.099,3288.396,0.0,0.0,0.0,0.0,13975.683000000003,7398.891000000001,4.0,5.0,2.0,Ukraine,175.2,,10.0,10.0,285.3116706110002,235.79476910000014,235.79476910000014,194.8717100000001,153.55610346059194,153.55610346059194,121.00000000000001,11.0,9.0,7.0,4.5,2.0,14.527203171826311,15.31895512194138,15.31895512194138,16.27697498158061,16.935578141662667,16.935578141662667,19.647001898033455,100434164.15530741,0.0,0.0,0.0,0.0,497609217.26384485,305617532.0539684,903660913.4731207,155498989149.587,0.5811361980005004
92,Uruguay,1.4,1.3,0.8,4.8,10.6,34.7,4.0,145.968,2043.5519999999997,1897.5839999999998,1167.744,7006.463999999999,15472.607999999998,50650.896,5838.719999999999,6.0,3.0,3.0,,,2012.0,3.9933664798736572,4.777500152587891,167.35628241204935,148.8075984122679,148.8075984122679,132.31473014384122,123.3690289983785,123.3690289983785,115.02814009790873,12.0,9.0,6.0,4.5,3.0,9.163630215378953,11.350600976575908,11.350600976575908,14.1061994568565,14.919316054315745,14.919316054315745,17.378273453863503,,,,,,,,0.0,53628827440.3582,0.0
93,Vietnam,1.7,1.6,0.1,1.2,8.4,4.9,7.9,3929.13,66795.21,62866.08,3929.13,47149.56,330046.92000000004,192527.37000000002,310401.27,5.0,4.0,3.0,,,2010.0,8.305800437927246,3.2646000385284424,186.60309936424193,152.85848886545224,152.85848886545224,125.21612823064969,117.42412601065728,117.42412601065728,110.11700780244753,12.0,9.5,7.0,5.0,3.0,9.82331440825368,10.486729610886046,10.486729610886046,12.431973500132433,14.522242713469101,14.522242713469101,16.981362612520766,,,,,,,,0.0,271158442448.537,0.0
94,Yemen,10.8,15.4,5.9,6.1,5.6,23.5,1.7,1959.731,211650.94800000003,301798.57399999996,115624.12900000002,119543.59099999999,109744.93599999999,460536.785,33315.426999999996,6.0,3.0,3.0,,,,10.0,10.0,313.84283767210036,235.7947691000002,235.7947691000002,177.1561000000001,153.55610346059197,153.55610346059197,133.10000000000005,12.0,9.0,6.0,4.5,3.0,14.184453409871747,15.318955121941382,15.318955121941382,16.828976900706074,16.935578141662667,16.935578141662667,18.838815888241864,,,,,,,,0.0,,
95,Zambia,3.52488215,16.12695453,13.01099,7.777071335,4.604373915,23.70044899,5.466297669,1276.025,44978.3774545375,205783.9715414325,166023.48514750003,99237.37450243375,58752.96224887875,302423.6542246475,69751.32483085725,7.0,2.0,3.0,,,2012.0,13.316266059875488,12.06586742401123,424.0456117688786,273.772410135205,273.772410135205,176.7529965434244,157.72241861535204,157.72241861535204,140.7408180928053,12.0,8.5,5.0,4.0,3.0,17.961650868712177,17.05149485213071,17.05149485213071,18.48495041109874,18.93524119405256,18.93524119405256,19.456336116838646,,,,,,,,0.0,18110631358.3114,0.0
96,Zimbabwe,0.336347567,6.85590771,0.422714939,14.87437238,17.74450565,22.27517281,30.91342685,1332.28,4481.091365627601,91339.88723878801,5631.7465893092,198168.288344264,236406.49987382,296767.67231306806,411853.40323718,7.0,2.0,4.0,,,2007.0,48.733001708984375,17.451997756958008,4226.820929396826,1053.3874722098126,1053.3874722098126,262.5200322283168,223.5126155721474,223.5126155721474,190.30124633099845,13.0,9.5,6.0,5.0,4.0,134.8197130518933,47.83411706649731,47.83411706649731,22.01229288625999,21.608129743511824,21.608129743511824,21.328855082706728,,,,,,,,0.0,18051170798.941,0.0
