,Unnamed: 0,Total_Never entered primary,Total_Dropped out of primary,Total_Still attending primary,Total_Did not transition to lower secondary,Total_Dropped out of lower secondary,Total_Still attending lower secondary,Total_Did not transition to upper secondary,Total_Transitioned to upper secondary,Total_population_agerange,Total_Never entered primary_pop,Total_Dropped out of primary_pop,Total_Still attending primary_pop,Total_Did not transition to lower secondary_pop,Total_Dropped out of lower secondary_pop,Total_Still attending lower secondary_pop,Total_Did not transition to upper secondary_pop,Total_Transitioned to upper secondary_pop,primary_dur,lower secondary_dur,upper secondary_dur,GDP,Year,primary_return_rate,secondary_return_rate,increasemental_rate_of_salaries_Never_entered_primary,increasemental_rate_of_Dropped_out_of_primary,increasemental_rate_of_Still_in_primary,increasemental_rate_of_salaries_Did_not_transition_to_lower_secondary,increasemental_rate_of_salaries_Dropped_out_of_lower_secondary,increasemental_rate_of_salaries_Still_in_lower_secondary,increasemental_rate_of_Did_not_transition_to_upper_secondary,year_before_work_primary_full,year_before_work_primary_half,year_before_work_LS_full,year_before_work_LS_half,year_before_work_US_full,increasemental_rate_of_salaries_Never_entered_primary_longterm,increasemental_rate_of_salaries_Dropped_out_of_primary_longterm,increasemental_rate_of_salaries_Still_attending_primary_longterm,increasemental_rate_of_salaries_Did_not_transition_to_lower_secondary_longterm,increasemental_rate_of_salaries_Dropped_out_of_lower_secondary_longterm,increasemental_rate_of_salaries_Still_attending_lower_secondary_longterm,increasemental_rate_of_salaries_Did_not_transition_to_upper_secondary_longterm,Total_Never entered primary_return_in_money,Total_Dropped out of primary_return_in_money,Total_Still attending primary_return_in_money,Total_Did not transition to lower secondary_return_in_money,Total_Dropped out of lower secondary_return_in_money,Total_Still attending lower secondary_return_in_money,Total_Did not transition to upper secondary_return_in_money,all_return,GDP_total,%return per GDP,Economy,Income group,Code,benefit_poverty,benefit_revenue,HLO,HLO_average,total_pop,HLO_weighted_average,LAYS,benefit_lives,benefit_early_marriage
0,0,33.86134089,8.254576837,3.415738804,3.786342453,3.976627641,14.55592654,1.706867773,30.44257906,2777.983,940662.2934962488,229310.7412537977,94888.64329952332,105183.949666123,110470.03984028102,404361.1647736882,47416.49656641859,845689.67104836,6.0,3.0,3.0,516.7478708,2007.0,4.110700130462647,1.5524200201034546,139.67345163147291,123.77352638900012,123.77352638900012,109.68359166199949,107.17814778705387,107.17814778705387,104.72993443232907,12.0,9.0,6.0,4.5,3.0,8.214801849351822,10.208546778198324,10.208546778198324,12.732031950719726,13.83789095669674,13.83789095669674,16.5459868793757,1996546953.1821024,604835149.0211858,250280411.6226057,346015771.5356764,394969094.9576566,1445732829.6214836,202707976.39284644,5241088186.333557,20116137325.8206,26.05414797803264,Afghanistan,Low income,AFG,253556.1004552652,632599344.0904603,354.7587890625,355.40796770368314,38928341.0,350.4277624474908,9324524.563002735,144530.1307265424,131750.73460734097
1,1,1.099108134,0.713800474,0.099165849,0.371935058,0.728686074,0.048609368,9.871477886,87.06721716,149.99,1648.5522901866002,1070.6293309526,148.73885691510003,557.8653934942,1092.9562423926,72.9091910632,14806.2296812114,130592.119018284,5.0,4.0,3.0,5246.292306,2005.0,14.55566692352295,2.877140045166016,240.61077262769203,171.30641343029043,171.30641343029043,121.96414550298547,115.23765508016125,115.23765508016125,108.88213985846478,12.0,9.5,7.0,5.0,3.0,11.67442612373047,11.251815243017704,11.251815243017704,12.25246342946908,14.37620343934985,14.37620343934985,16.881562312894058,50484813.59004457,31599791.580977023,4390050.545624378,17929795.03545271,41216344.70411485,2749469.9553393275,655661385.2777053,804031650.6892581,14887629268.2927,5.400669483365391,Albania,Upper middle income,ALB,43002.54486219012,124222890.03149036,434.127593994141,413.0976530930093,2837743.0,414.28287809164107,54506.6878946331,844.8536623668132,1870.428499969938
2,2,2.15748254,3.252027305,0.397180629,0.444625251,12.83145719,26.81798328,2.813620409,51.28562339,1792.845,38680.317844263,58303.80893632725,7120.833047995051,7971.44158129095,230048.1386580555,480804.872336316,50443.85282173605,919471.7346664456,5.0,4.0,3.0,3306.858208,,10.0,10.0,313.8428376721003,247.303640184318,247.303640184318,194.8717100000001,161.05100000000007,161.05100000000007,133.10000000000005,12.0,9.5,7.0,5.0,3.0,14.184453409871743,14.403627039894936,14.403627039894936,16.276974981580615,17.436179011744077,17.436179011744077,18.838815888241864,907169033.8045524,1388527140.8502176,169585317.54593036,214534005.5760084,6632169556.092267,13861357259.097666,1571257738.3568084,24744600051.32345,145009181490.62,17.064160901373043,Algeria,Lower middle income,DZA,1682803.7391755322,3565696867.395709,374.089080810547,387.4265555245537,43851043.0,387.2059768006016,2887421.5477069286,44755.03398945739,76868.27377980865
3,3,7.7,9.7,22.8,1.6,3.3,39.5,0.8,14.7,2209.021,170094.617,214275.037,503656.78800000006,35344.336,72897.693,872563.2950000002,17672.168,324726.087,6.0,3.0,3.0,1776.166868,,10.0,10.0,313.8428376721004,235.7947691000002,235.7947691000002,177.1561000000001,153.55610346059197,153.55610346059197,133.10000000000005,12.0,9.0,6.0,4.5,3.0,14.184453409871749,15.318955121941382,15.318955121941382,16.828976900706074,16.935578141662667,16.935578141662667,18.838815888241864,2142678164.197112,2915106941.468043,6852003944.893957,528240031.8292209,1096396348.2806573,13123532047.601809,295663151.8108565,26953620630.081654,58375976292.9678,46.172453707345696,Angola,Lower middle income,AGO,1833032.398444211,3884016732.7947664,325.965484619141,387.4265555245537,32866268.0,387.2059768006016,7757331.477523163,120238.63790160902,206513.89828704752
4,4,0.2,0.7,1.5,1.4,6.1,29.3,1.6,59.3,2131.984,4263.968,14923.887999999995,31979.76,29847.775999999994,130051.024,624671.3119999999,34111.744,1264266.512,6.0,3.0,3.0,8579.017773,2012.0,3.715299844741821,4.690299987792969,163.86855688349416,146.88151634153695,146.88151634153695,131.65539657573112,122.90767382449351,122.90767382449351,114.74118553323872,12.0,9.0,6.0,4.5,3.0,9.044088505911436,11.262733125382804,11.262733125382804,14.066164583413032,14.888501112408411,14.888501112408411,17.35508218740228,165419350.9115914,720996815.384705,1544993175.8243678,1800923409.338658,8305625132.678164,39894232194.66725,2539441252.553811,54971631331.35854,389288056265.325,14.121068048872226,Argentina,Upper middle income,ARG,2940083.316929185,8493117040.694895,408.172637939453,413.0976530930093,45376763.0,414.28287809164107,2645656.889768763,41007.681791415824,90787.2453620974
5,5,0.099474532,0.0,0.0,0.0,0.539703959,0.839012558,1.51263563,97.00917332,70.442,70.07184983143999,0.0,0.0,0.0,380.17826279878,591.0172261063599,1065.5307904846,68335.20187007438,4.0,5.0,3.0,4266.018074,2008.0,39.68833541870117,0.8294995427131653,406.7630185771585,208.45925303825928,208.45925303825928,106.83188537953583,104.64822439228752,104.64822439228752,102.50919778821316,12.0,10.0,8.0,5.5,3.0,17.369290398470184,12.792644601737411,12.792644601737411,10.379236151440084,12.42628338711765,12.42628338711765,16.3665100506551,2596081.6909058406,0.0,0.0,0.0,10076767.331484685,15665133.068182286,37197588.09202721,65535570.18260002,12641209802.112,0.5184279923243645,Armenia,Upper middle income,ARM,3505.0812918005918,10125245.593211705,442.969451904297,413.0976530930093,2963234.0,414.28287809164107,5977.802218493806,92.655934386654,205.1317382972973
6,6,3.343933513,6.954979112,2.266373138,7.90019894,6.166328543,20.02120903,1.373772424,51.9732053,12412.588,415068.6899626164,863292.9026586184,281315.5601626114,980619.1456025672,765400.9567689928,2485150.189512696,170520.71104873312,6451219.844283164,5.0,3.0,4.0,1961.613749,2005.0,7.855966567993164,4.568900108337402,199.54399175960413,165.16887770277705,165.16887770277705,136.7155077987052,127.85389700236207,127.85389700236207,119.56667712311582,12.0,9.5,7.0,5.5,4.0,10.266863187052694,10.99727493495697,10.99727493495697,13.066741459164303,13.83533672680706,13.83533672680706,16.1318833333935,4179662842.1380906,9311652373.060331,3034326698.7367325,12567565792.445896,10386332830.602749,33722974571.75064,2698023378.920989,75900538487.65543,323056957972.312,23.494475699904463,Bangladesh,Lower middle income,BGD,5161760.938044809,10937267596.071148,368.315277099609,387.4265555245537,164689383.0,387.2059768006016,24589993.812287305,381144.90409045323,654629.1718671327
7,7,0.0,0.0,0.0,0.0,0.0,17.3,0.0,82.7,7.382,0.0,0.0,0.0,0.0,0.0,1277.086,0.0,6104.914,6.0,3.0,2.0,15373.8547,,10.0,10.0,285.3116706110003,214.35888100000017,214.35888100000017,161.05100000000007,139.59645769144723,139.59645769144723,121.0,11.0,8.0,5.0,3.5,2.0,14.527203171826317,15.77515505510292,15.77515505510292,17.436179011744077,17.603500463804483,17.603500463804483,19.64700189803345,0.0,0.0,0.0,0.0,0.0,172811228.09861997,0.0,172811228.09861997,4418000000.0,3.9115262131874142,Barbados,High income,BRB,4009.6463752317927,32004639.44386442,,437.696624755859,287371.0,437.696624755859,3009.87201696979,46.653016263031745,104.93394241719415
8,8,0.0,0.0,0.0,0.0,0.0,11.1,0.4,88.5,182.251,0.0,0.0,0.0,0.0,0.0,20229.861,729.004,161292.135,4.0,5.0,2.0,6424.152176,,10.0,10.0,285.3116706110002,235.7947691000001,235.7947691000001,194.8717100000001,153.55610346059194,153.55610346059194,121.0,11.0,9.0,7.0,4.5,2.0,14.527203171826311,15.31895512194138,15.31895512194138,16.27697498158061,16.935578141662667,16.935578141662667,19.64700189803345,0.0,0.0,0.0,0.0,0.0,1100471374.417603,46005740.213884056,1146477114.6314871,60258239055.5829,1.902606403041356,Belarus,Upper middle income,BLR,61317.77712127506,177130714.21056476,488.143096923828,413.0976530930093,9379952.0,414.28287809164107,58950.78526715837,913.7371716409547,2022.930269996424
9,9,1.196324755,7.41457743,0.807591262,19.25468726,10.91667747,44.26976652,7.424627403,8.715747892,15.781,188.79200958655,1170.0944642283,127.44597705622002,3038.5821965006003,1722.7608715407,6986.2118545212,1171.68045046743,1375.4321748365198,6.0,4.0,2.0,4115.177008,1999.0,9.707900047302246,6.873149394989014,259.7999472995309,196.7548072394991,196.7548072394991,149.00870679246032,130.4591157041576,130.4591157041576,114.21870061603644,12.0,9.0,6.0,4.0,2.0,12.332134628818212,13.537952322802427,13.537952322802427,15.11986124312257,16.932166649185508,16.932166649185508,19.04414125609742,4790495.0014425,32593607.38012909,3550075.883050151,94531667.62613755,60020009.28047439,243395648.9670693,45912305.61885058,484793809.7571536,1636280797.08056,29.627788251388093,Belize,Lower middle income,BLZ,32969.32801889665,69858787.98600583,,387.4265555245537,397621.0,387.2059768006016,41314.349379558174,640.3724153831517,1099.8611275394148
10,10,23.87657128,19.21161605,2.358775515,1.82554549,12.18925455,27.17122265,0.927280856,12.4397336,774.147,184839.7602669816,148726.14930259352,18260.38988610705,14132.405644470304,94362.7484211885,210345.20500829548,7178.51692829832,96301.824472392,6.0,4.0,3.0,1291.040972,,10.0,10.0,345.22712143931034,259.3742460100002,259.3742460100002,194.8717100000001,161.05100000000007,161.05100000000007,133.10000000000005,13.0,10.0,7.0,5.0,3.0,13.872862717185765,14.904227909976346,14.904227909976346,16.276974981580615,17.436179011744077,17.436179011744077,18.838815888241864,1655280178.8361044,1430891968.841802,175682927.03383404,148490893.31122327,1062091492.9458008,2367521681.5864472,87296807.20068096,6927255949.755893,15651545331.5404,44.259245991489095,Benin,Lower middle income,BEN,471101.2580642495,998217582.3598242,383.9228515625,387.4265555245537,12123198.0,387.2059768006016,3405497.077632814,52785.20470330862,90660.36163916145
11,11,19.9,8.6,2.7,2.0,3.9,36.3,2.0,24.5,28.009,5573.791,2408.774,756.2430000000002,560.1800000000001,1092.351,10167.267,560.1800000000001,6862.205,7.0,4.0,2.0,3000.779327,,10.0,10.0,345.22712143931034,247.303640184318,247.303640184318,177.1561000000001,146.41000000000005,146.41000000000005,121.0,13.0,9.5,6.0,4.0,2.0,13.872862717185765,14.403627039894936,14.403627039894936,16.828976900706074,18.10410133388589,18.10410133388589,19.64700189803345,116016786.54682451,52056142.8863032,16343207.650351008,14144557.878033848,29671755.79256872,276175573.14621645,16513074.865823582,520921098.7661213,2315437338.08809,22.49774114795341,Bhutan,Lower middle income,BTN,35426.23323880197,75064730.33219808,386.739410400391,387.4265555245537,771612.0,387.2059768006016,90574.5409085283,1403.9053840821887,2411.2546412097017
12,12,0.5,4.4,3.2,2.7,2.4,14.3,2.8,69.7,918.993,4594.965,40435.692,29407.776,24812.811000000005,22055.832,131415.99900000004,25731.804,640538.121,6.0,3.0,3.0,3133.099803,2012.0,8.57746696472168,3.103366613388061,196.8227577699306,153.76454081097512,153.76454081097512,120.1260173300049,114.74342497820577,114.74342497820577,109.60201518676784,12.0,9.0,6.0,4.5,3.0,10.173592956834364,11.576736655673498,11.576736655673498,13.366098241716765,14.343192707612804,14.343192707612804,16.939741629806925,73231983.78871915,733322934.5115744,533325770.5538723,519547010.2949919,495579704.1846883,2952829070.767102,682843611.1236613,5990680085.224609,36572764862.8234,16.38016733953357,Bolivia,Lower middle income,BOL,407407.6294104897,863257000.2808663,,387.4265555245537,11673029.0,387.2059768006016,953376.3576420455,14777.333543451705,25380.566593272455
13,13,0.4,0.0,0.0,0.0,2.2,1.1,0.0,96.3,128.368,513.4720000000001,0.0,0.0,0.0,2824.0960000000005,1412.0480000000002,0.0,123618.384,5.0,4.0,4.0,6079.738285,,10.0,10.0,345.2271214393103,272.0340042027498,272.0340042027498,214.3588810000001,177.1561000000001,177.1561000000001,146.41000000000005,13.0,10.5,8.0,6.0,4.0,13.872862717185765,14.026602301744909,14.026602301744909,15.775155055102912,16.828976900706074,16.828976900706074,18.10410133388589,21653980.61725519,0.0,0.0,0.0,144474785.6839797,72237392.84198985,0.0,238366159.14322472,19946496562.9733,1.195027700181214,Bosnia and Herzegovina,Upper middle income,BIH,12748.691476756332,36827571.587628216,416.134063720703,413.0976530930093,3280815.0,414.28287809164107,20454.101728795307,317.0385767963273,701.8943232944102
14,14,2.3,1.2,1.1,0.9,5.7,25.5,1.8,61.5,9577.976,220293.448,114935.712,105357.73600000002,86201.78400000001,545944.6320000001,2442383.8800000004,172403.56800000003,5890455.24,5.0,4.0,3.0,6796.844542,2012.0,7.923233509063721,6.348732948303223,225.26876828122167,186.171677650248,186.171677650248,153.86018143375756,136.03842655530374,136.03842655530374,120.28098060972631,12.0,9.5,7.0,5.0,3.0,11.148579289964598,11.86831820152437,11.86831820152437,14.01313073409716,15.76553339795167,15.76553339795167,17.802800675195243,8346385667.405083,4635766079.262445,4249452239.323908,4105147525.012473,29250588634.959515,130857896524.81888,10430663142.568151,191875899813.35043,1444733258971.65,13.281060612526236,Brazil,Upper middle income,BRA,10262222.86476332,29644826521.162643,413.244750976563,413.0976530930093,212559409.0,414.28287809164107,13256143.789458523,205470.2287366071,454892.2361863795
15,15,54.6,13.0,2.1,4.3,3.6,16.2,0.2,5.9,1382.987,755110.9020000001,179788.31000000003,29042.727000000003,59468.441,49787.53200000001,224043.89400000003,2765.974,81596.23300000001,6.0,4.0,3.0,857.9327297,,10.0,10.0,345.22712143931034,259.3742460100002,259.3742460100002,194.8717100000001,161.05100000000007,161.05100000000007,133.10000000000005,13.0,10.0,7.0,5.0,3.0,13.872862717185765,14.904227909976346,14.904227909976346,16.276974981580615,17.436179011744077,17.436179011744077,18.838815888241864,4493658551.698183,1149460822.653692,185682132.89021176,415224996.3118269,372387554.677582,1675743996.049119,22352439.89879513,8314510494.17941,17933606353.1775,46.36273558389015,Burkina Faso,Low income,BFA,402243.7293834803,1003561416.6474549,403.654327392578,355.40796770368314,20903278.0,350.4277624474908,7385122.892690467,114469.40483670223,104347.98682798802
16,16,6.4,26.9,4.3,10.4,8.5,31.0,1.0,11.6,700.329,44821.056,188388.501,30114.147,72834.216,59527.965,217101.99,7003.29,81238.16399999999,6.0,3.0,3.0,238.9907259,1998.0,12.878266334533691,21.26253128051757,657.6907915784642,457.2890156629909,457.2890156629909,317.9506943439992,238.10572259959244,238.10572259959244,178.31171984589213,12.0,9.0,6.0,4.5,3.0,25.969833844869072,25.42352116971151,25.42352116971151,25.378054391547664,22.58283593681533,22.58283593681533,22.49276383404853,139092050.0552896,572322926.5282555,91486564.46362448,220874116.9979677,160638843.30214974,585859310.8666636,18823309.64610579,1789097121.8600564,2841786382.19063,62.95677722548964,Burundi,Low income,BDI,86553.87458227813,215944022.60850883,422.747802734375,355.40796770368314,11890781.0,350.4277624474908,2268198.395562901,35157.07513122497,32048.476341229274
17,17,3.8,20.2,1.5,8.7,17.3,11.5,6.4,30.6,880.748,33468.424,177911.096,13211.22,76625.07599999999,152369.40400000004,101286.02,56367.872,269508.88800000004,6.0,3.0,3.0,1543.669258,2012.0,12.76830005645752,2.983049392700196,245.31080991467985,171.06280355012225,171.06280355012225,119.28737575243969,114.1421012808179,114.1421012808179,109.2187601799433,12.0,9.0,6.0,4.5,3.0,11.835519789859736,12.36588328621446,12.36588328621446,13.315175748086585,14.303028955580984,14.303028955580984,16.908767496337113,305736196.09027046,1698057678.204631,126093391.94588847,787484620.8972995,1682093165.6631217,1118154416.4812655,735644261.7963305,6453263731.078809,25808561550.9514,25.00435259957724,Cambodia,Lower middle income,KHM,438866.51285618375,929915303.6484565,451.889587402344,387.4265555245537,16718971.0,387.2059768006016,2318485.386748037,35936.52349459457,61722.18587360997
18,18,9.351361353,8.782605887,4.176956964,5.186918917,9.314785205,28.25666333,1.498729761,33.43197859,1713.741,160258.11356451572,150511.11795393267,71582.22404442324,88890.35611738497,159631.29312001902,484246.0247181752,25684.34639345901,572937.5242080519,6.0,4.0,3.0,1537.130218,2007.0,11.070233345031738,8.85669994354248,340.0730806291369,248.187099037196,248.187099037196,181.12823283320293,152.85365270399595,152.85365270399595,128.99280680593526,13.0,10.0,7.0,5.0,3.0,13.712267602568392,14.440266482588932,14.440266482588932,15.51833240442772,16.888659887609087,16.888659887609087,18.50687828034643,1688923470.741893,1670415280.189766,794439922.1748494,1060181840.3820114,2072019728.2750945,6285530217.439665,365327488.87160736,13936837948.074884,40804449726.0184,34.155191508901176,Cameroon,Lower middle income,CMR,947801.2561390944,2008298348.317591,378.868835449219,387.4265555245537,26545864.0,387.2059768006016,4898430.235354282,75925.66864799138,130404.88553586266
19,19,14.32020415,22.46504824,19.84054015,6.166541556,5.742579418,26.62012004,0.104846024,4.740120427,359.484,51478.84268658601,80758.2540150816,71323.567352826,22167.73024717104,20643.65419500312,95695.0723245936,376.9046809161599,17039.97451579668,6.0,4.0,3.0,492.7958712,,10.0,10.0,345.22712143931034,259.3742460100002,259.3742460100002,194.8717100000001,161.05100000000007,161.05100000000007,133.10000000000005,13.0,10.0,7.0,5.0,3.0,13.872862717185765,14.904227909976346,14.904227909976346,16.276974981580615,17.436179011744077,17.436179011744077,18.838815888241864,175967282.9452332,296574269.14547974,261926599.55925363,88906187.84741335,88690062.20670038,411128855.24876016,1749533.2382467326,1324942790.191087,2380087758.04137,55.66781248778043,Central African Republic,Low income,CAF,64098.774007118,159920594.77606422,368.730163574219,355.40796770368314,4829764.0,350.4277624474908,1578564.731837197,24467.753343476557,22304.30748930506
20,20,43.2782222,11.69343178,10.06158827,3.325386551,5.437900836,19.6183634,0.271081579,6.314025382,1112.97,481673.62961934,130144.387681866,111982.458968619,37010.55469666471,60522.2049344292,218346.49913298,3017.0566497963,70273.20829404538,6.0,4.0,3.0,659.270045,2003.0,1.0995266437530518,7.408037185668945,176.09709617288183,170.41382637722842,170.41382637722842,164.91397559456362,142.94991484591745,142.94991484591745,123.9111365836764,13.0,10.0,7.0,5.0,3.0,8.602928544509465,11.214797229022455,11.214797229022455,14.623302293135431,16.227167128803934,16.227167128803934,18.096184802346016,1365942864.5808396,481116462.72916585,413975627.4269441,178403922.8349173,323735852.53790784,1167944725.7757034,17997154.09404813,3949116609.979526,10829076801.729,36.46771264332523,Chad,Low income,TCD,191052.4250441983,476658374.8245288,333.111328125,355.40796770368314,16425859.0,350.4277624474908,5577459.065510529,86450.6155154132,78806.62699297456
21,21,0.787515899,2.134075658,0.632183812,3.604593107,6.760065581,19.77748714,1.798513654,64.50556515,1659.331,13067.495442035688,35411.378956647975,10490.02196949772,59812.13084831417,112171.86380586312,328173.9751350334,29843.29460005473,1070360.8392591462,5.0,4.0,2.0,5334.556042,2012.0,6.000699996948242,5.270533561706543,182.13130988855272,157.43916508465335,157.43916508465335,136.09461611910717,122.80818039199524,122.80818039199524,110.81885236366384,11.0,8.5,6.0,4.0,2.0,10.63704832346567,11.744372990478071,11.744372990478071,14.335714931222949,16.370041296357318,16.370041296357318,18.741893178869407,370750525.9521295,1109279432.9535737,328605266.57944226,2287056624.9514227,4897810718.42184,14329208398.50978,1491861514.6069472,24814572481.975136,271437596293.843,9.141906950543536,Colombia,Upper middle income,COL,1327173.8313752187,3833851448.4651594,419.027526855469,413.0976530930093,50882884.0,414.28287809164107,1729692.8957377211,26810.23988393468,59355.41147973364
22,22,10.5,8.1,3.1,3.9,6.3,29.5,1.4,37.3,53.698,5638.29,4349.538,1664.638,2094.222,3382.974,15840.91,751.7719999999999,20029.354000000003,6.0,4.0,3.0,1420.661747,2004.0,2.222473382949829,5.386663436889648,164.731970703316,154.21930409099951,154.21930409099951,144.37752218205827,129.9954867142194,129.9954867142194,117.0461046197869,13.0,10.0,7.0,5.0,3.0,8.248801812756966,10.543166321335129,10.543166321335129,13.489686123562077,15.361911956829635,15.361911956829635,17.541362523347274,33036875.749589138,32574283.97874784,12466701.275817076,20067129.49955316,36915148.75353409,172856648.9252787,9367207.946348354,317283996.1288684,1235400352.2931,25.68268622717637,Comoros,Lower middle income,COM,21577.503534459356,45720623.84216994,392.225524902344,387.4265555245537,869595.0,387.2059768006016,146824.824967501,2275.784786996265,3908.736793987481
23,23,2.4,10.0,2.5,1.0,7.9,36.7,1.0,38.5,343.1,8234.400000000001,34310.0,8577.5,3431.0000000000005,27104.9,125917.70000000004,3431.0000000000005,132093.5,6.0,4.0,3.0,1846.131297,,10.0,10.0,345.22712143931034,259.3742460100002,259.3742460100002,194.8717100000001,161.05100000000007,161.05100000000007,133.10000000000005,13.0,10.0,7.0,5.0,3.0,13.872862717185765,14.904227909976346,14.904227909976346,16.276974981580615,17.436179011744077,17.436179011744077,18.838815888241864,105446128.13675085,472022597.28622526,118005649.32155631,51549802.19824608,436246260.9489454,2026612376.813456,59663250.31444749,3269546065.019627,,,Congo,Lower middle income,COG,222351.71844401685,471141587.9693283,370.614074707031,387.4265555245537,5518092.0,387.2059768006016,795467.142356915,12329.740706532184,21176.74370411662
24,24,0.200326721,0.495768115,0.201855928,3.059070043,5.532161587,39.97111838,0.388449745,50.15124948,142.732,285.93033541772,707.6197459018001,288.11300315295995,4366.2718537747605,7896.16487635684,57051.57668614159,554.4420900334001,71581.88140779358,6.0,3.0,2.0,12140.85415,2009.0,4.188499927520752,4.856133460998535,162.13915578027397,143.36018464799787,143.36018464799787,126.7561955864608,118.05338305633592,118.05338305633592,109.94808724390737,11.0,8.0,5.0,3.5,2.0,9.883294656692788,12.21229899676555,12.21229899676555,15.145552471615051,16.02069941580512,16.02069941580512,18.66448175823321,17154624.785916332,52458590.59033167,21358932.05875788,401434911.0614493,767921675.8895617,5548407748.189958,62819051.38377398,6871555533.959748,61846895120.7808,11.11059095293351,Costa Rica,Upper middle income,CRI,367515.8494927676,1061655329.9967812,428.555694580078,413.0976530930093,5094114.0,414.28287809164107,166585.33435119706,2582.0726824435537,5716.472034584583
25,25,0.279056701,0.140238224,0.014636671,1.097698231,2.019052949,5.459703073,12.42304518,78.58727067,378.572,1056.4305341097202,530.9026493612799,55.41033813812,4155.578147061321,7643.569130088281,20668.907117517563,47030.1705988296,297509.4023208324,6.0,3.0,3.0,9477.852873,,10.0,10.0,313.8428376721004,235.7947691000002,235.7947691000002,177.1561000000001,153.55610346059197,153.55610346059197,133.10000000000005,12.0,9.0,6.0,4.5,3.0,14.184453409871749,15.318955121941382,15.318955121941382,16.828976900706074,16.935578141662667,16.935578141662667,18.838815888241864,71012289.90872179,38541090.93838213,4022535.739230272,331412691.05399776,613445792.2957361,1658813296.0924888,4198654347.5418167,6915902043.570374,107352000000.0,6.442266602923443,Cuba,Upper middle income,CUB,369887.6625518402,1068506865.7316228,,413.0976530930093,11326616.0,414.28287809164107,198463.2370418418,3076.1801741485483,6810.380690841813
26,26,29.243734,13.89978184,2.717805245,5.93556349,5.319423063,24.88652535,1.863336936,16.13383007,1747.294,510974.00955796,242870.0541034096,47488.04797757031,103711.7447269606,92945.96001441524,434840.764249029,32557.97448251184,281905.4447833058,6.0,4.0,3.0,,2008.0,12.591800689697266,12.106266975402832,453.3669194977196,317.63586477114615,317.63586477114615,222.5405918470885,177.07182208050313,177.07182208050313,140.89308343555376,13.0,10.0,7.0,5.0,3.0,17.242398175579893,17.32049578131432,17.32049578131432,17.80430256954544,18.506245480407102,18.506245480407102,19.468641988817176,,,,,,,,0.0,,,CÃ´te d'Ivoire,Lower middle income,CIV,0.0,0.0,373.230529785156,387.4265555245537,26378275.0,387.2059768006016,7749381.309553368,120115.4102980772,206302.2507399192
27,27,5.834717033,8.943697425,16.64686476,4.66986701,3.041875239,23.96144263,1.053948346,35.84758756,8049.578,469670.0986506208,719929.9003093665,1340002.363410713,375904.5874662178,244858.1200259914,1928795.0144271017,84838.39419097989,2885579.521760497,6.0,2.0,4.0,543.9503925,,10.0,10.0,313.84283767210025,235.7947691000002,235.7947691000002,177.1561000000001,161.05100000000004,161.05100000000004,146.41000000000005,12.0,9.0,6.0,5.0,4.0,14.184453409871738,15.318955121941382,15.318955121941382,16.828976900706074,17.436179011744077,17.436179011744077,18.10410133388589,1811902465.070297,2999498532.8007245,5582953453.208094,1720539465.714656,1161168186.7220852,9146747550.0636,417732928.1917727,22840542581.77124,,,Democratic Republic of the Congo,Low income,COD,1104991.6932170033,2756853489.619788,310.197143554688,355.40796770368314,89561404.0,350.4277624474908,20291642.682309154,314520.4615757919,286710.4710508683
28,28,1.0,3.9,8.1,1.8,2.2,18.6,2.0,62.3,771.288,7712.88,30080.232,62474.328,13883.184,16968.336,143459.56800000003,15425.76,480512.424,6.0,2.0,4.0,7268.19691,2012.0,9.171299934387209,4.589166641235352,221.6006883814508,170.31216132178128,170.31216132178128,130.89414345214837,125.15076623676052,125.15076623676052,119.65939710185869,12.0,9.0,6.0,5.0,4.0,11.022855938716914,12.33163899277472,12.33163899277472,14.019941133045664,15.038322261686409,15.038322261686409,16.138695605179695,308963655.6629832,1348027254.4932408,2799748913.1782694,707346092.4927677,927332181.7003522,7840172081.648434,904714788.8950552,14836304968.071102,78844702329.0785,18.8171234462247,Dominican Republic,Upper middle income,DOM,793499.6954805021,2292209117.566985,345.216522216797,413.0976530930093,10847904.0,414.28287809164107,1193572.72230074,18500.37719566147,40958.13785078338
29,29,3.3,5.5,0.3,2.6,6.1,6.1,4.6,71.5,5275.602,174094.866,290158.11000000004,15826.806,137165.652,321811.72199999995,321811.72199999995,242677.692,3772055.43,6.0,3.0,3.0,3569.206841,,10.0,10.0,313.8428376721004,235.7947691000002,235.7947691000002,177.1561000000001,153.55610346059197,153.55610346059197,133.10000000000005,12.0,9.0,6.0,4.5,3.0,14.184453409871749,15.318955121941382,15.318955121941382,16.828976900706074,16.935578141662667,16.935578141662667,18.838815888241864,4406971990.994648,7932417767.882358,432677332.79358304,4119502849.2062464,9726209218.1589,9726209218.1589,8158779175.754468,44502767552.94911,,,Egypt,Lower middle income,EGY,3026495.6186979027,6412848804.379968,355.986511230469,387.4265555245537,102334403.0,387.2059768006016,5534266.593413763,85781.13219791332,147331.97513567802
30,30,0.3,7.4,15.6,3.8,4.8,42.9,0.5,24.7,52.267,156.80100000000002,3867.7580000000007,8153.652000000001,1986.146,2508.8160000000003,22422.543,261.33500000000004,12909.949,7.0,3.0,2.0,3424.282212,,10.0,10.0,313.8428376721004,224.8214910766528,224.8214910766528,161.05100000000007,139.59645769144723,139.59645769144723,121.0,12.0,8.5,5.0,3.5,2.0,14.184453409871749,14.818354251859972,14.818354251859972,17.436179011744077,17.603500463804483,17.603500463804483,19.64700189803345,3808035.491257689,98129326.96826532,206867229.82499173,59292811.41874421,75614903.27418378,675808198.0130175,8790901.60222525,1128311406.5926857,3972728948.47088,28.40141930717365,Eswatini,Lower middle income,SWZ,76732.97002296966,162589673.69000602,440.304504394531,387.4265555245537,1160164.0,387.2059768006016,120198.7152840334,1863.0800869025177,3199.902612686379
31,31,12.08390197,20.58255365,12.89644674,3.964378397,9.339765013,25.26253573,6.052724954,9.817693543,5161.231,623678.0944852507,1062313.1395754316,665615.4070433694,204610.72678326708,482046.84717811,1303857.8254828362,312395.1166705837,506713.8426263143,6.0,4.0,2.0,936.3404611,2014.0,13.409934043884276,8.821516036987305,353.3419641711474,242.23780652432225,242.23780652432225,166.0690233818157,140.23586181367114,140.23586181367114,118.42122352588288,12.0,9.0,6.0,4.0,2.0,15.538285030367936,15.61288644617468,15.61288644617468,16.155767267925906,17.6504784152758,17.6504784152758,19.41774748046973,4536985268.870521,7764965833.345638,4865308261.089446,1547603777.6520782,3983359678.925815,10774335978.928629,2839925061.283844,36312483860.09597,107645054311.876,33.733536661042656,Ethiopia,Low income,ETH,1756744.3015782742,4382916801.913584,348.199035644531,355.40796770368314,114963583.0,350.4277624474908,17268846.876874417,267667.12659155345,243999.92154851736
32,32,1.5,5.6,11.6,1.8,4.4,62.4,0.4,12.2,119.009,1785.135,6664.503999999999,13805.043999999998,2142.1620000000003,5236.396000000001,74261.61600000001,476.036,14519.098,5.0,4.0,3.0,6881.715192,2005.0,5.72796630859375,10.590950012207031,267.2923409267619,232.5475766250513,232.5475766250513,202.3192105193976,165.42378138394523,165.42378138394523,135.25669350483972,12.0,9.5,7.0,5.0,3.0,12.58893624203856,13.79165292994359,13.79165292994359,16.68807843952013,17.72824684136239,17.72824684136239,19.013116840043853,77326223.11523154,316264795.3766203,655119933.280142,123005729.98086992,319422108.169612,4529986261.314497,31142954.66267549,6052268005.899649,15316826191.5682,39.51385182676668,Gabon,Upper middle income,GAB,323697.36467287893,935075406.9114956,456.127685546875,413.0976530930093,2225728.0,414.28287809164107,401405.4544267269,6221.784543614267,13774.460181005794
33,33,0.23239629,0.060044835,0.0,0.024619424,0.865297061,4.424182647,8.059706559,86.33375318,131.519,305.6452766451,78.97036654365,0.0,32.37922025056,1138.03004165659,5818.64077550793,10600.04546933121,113545.28884480422,6.0,3.0,3.0,4266.690795,2013.0,3.260506629943848,7.170163154602051,183.6744974772254,166.81922751565818,166.81922751565818,151.51071624612192,136.56283167881332,136.56283167881332,123.0896893513514,12.0,9.0,6.0,4.5,3.0,9.722936648290212,12.172291375885614,12.172291375885614,15.271783785332612,15.800559586735432,15.800559586735432,18.02979658625132,6339811.130152641,2050678.928160868,0.0,1054914.6606400786,38360774.76595672,196135040.43211028,407717854.7130035,651659074.6300241,15846489610.8073,4.112324499841232,Georgia,Upper middle income,GEO,34853.103814517905,100681327.03033872,399.766296386719,413.0976530930093,3714000.0,414.28287809164107,43135.07400875285,668.5936471356691,1480.2049966831312
34,34,3.124487162,5.078461321,12.39622511,2.42793924,3.520602611,52.35746947,3.63645979,17.45835529,1917.41,59909.2292929042,97374.9252149861,237686.45988165092,46553.54978168401,67504.3865235751,1003907.355364727,69725.843659439,334748.25016598904,6.0,3.0,4.0,2205.529016,2012.0,2.717116594314575,8.806391716003418,212.04975548128792,195.6632743404397,195.6632743404397,180.54308451678693,159.07401602997015,159.07401602997015,140.15791656395663,13.0,10.0,7.0,5.5,4.0,9.723179946290378,12.261960544766346,12.261960544766346,15.486032105064243,15.731028944849209,15.731028944849209,17.644751664334972,642369387.1698971,1316709083.4003346,3214009356.4793167,795015759.283245,1171040472.38811,17415403712.314877,1356725876.4643354,25911273647.50012,68532281805.6722,37.808858781286816,Ghana,Lower middle income,GHA,1762145.6030962006,3733814532.6047673,307.275787353516,387.4265555245537,31072945.0,387.2059768006016,6330505.951533278,98122.84224876581,168529.27659060305
35,35,36.45937821,10.51295471,5.211449702,3.851929109,3.648125058,24.39502066,0.734434411,15.18670814,884.589,322515.6491140569,92996.44093964192,46099.910804424784,34073.741186012005,32270.912969311623,215795.6693060874,6496.72601192079,134339.94966854458,6.0,4.0,3.0,1194.037865,1994.0,19.46576690673828,6.294070243835449,445.6809947732214,261.39284080265287,261.39284080265287,153.30745089915234,135.68917049636067,135.68917049636067,120.09560449936512,13.0,10.0,7.0,5.0,3.0,17.00291191469603,14.987944529020746,14.987944529020746,13.98261990251103,15.742205806160532,15.742205806160532,17.787818837300897,3273875808.527589,832140211.0264698,412505996.1164917,284443802.6848931,303294784.04949284,2028132919.054557,68993051.33401641,7203386572.7935095,15681050917.1563,45.93688656997115,Guinea,Low income,GIN,348489.19623828254,869448759.3361766,408.249084472656,355.40796770368314,13132792.0,350.4277624474908,3818048.6124508195,59179.75349298771,53947.06250791897
36,36,11.42182603,12.17003791,38.74718527,2.943049449,4.082701206,24.29962437,0.111476788,6.224098974,128.067,14627.589941840102,15585.8024501997,49622.357759730905,3769.0751378508303,5228.59295348802,31119.7999419279,142.76497808796,7971.01683303258,6.0,3.0,3.0,727.5201717,,10.0,10.0,313.8428376721004,235.7947691000002,235.7947691000002,177.1561000000001,153.55610346059197,153.55610346059197,133.10000000000005,12.0,9.0,6.0,4.5,3.0,14.184453409871749,15.318955121941382,15.318955121941382,16.828976900706074,16.935578141662667,16.935578141662667,18.838815888241864,75474531.52666728,86850706.33916177,276516838.6688999,23073185.271832086,32210680.79391081,191713134.14847192,978341.1673881826,686817417.916332,1431758242.90375,47.97020875000496,Guinea-Bissau,Low income,GNB,33227.2116057343,82898862.34250127,,355.40796770368314,1967998.0,350.4277624474908,511632.63882744394,7930.305901825381,7229.105951639105
37,37,0.9,1.2,0.6,0.9,7.7,5.7,7.4,75.6,29.302,263.718,351.624,175.81199999999998,263.718,2256.254,1670.2140000000002,2168.3480000000004,22152.311999999994,6.0,3.0,2.0,6955.939217,,10.0,10.0,285.3116706110003,214.35888100000017,214.35888100000017,161.05100000000007,139.59645769144723,139.59645769144723,121.0,11.0,8.0,5.0,3.5,2.0,14.527203171826317,15.77515505510292,15.77515505510292,17.436179011744077,17.603500463804483,17.603500463804483,19.64700189803345,13324397.079564689,19292030.035856143,9646015.017928071,15992518.997284906,138137886.78209773,102257916.18934508,148166851.90599456,446817616.0080712,5471256594.72422,8.166636096704456,Guyana,Upper middle income,GUY,23897.435581214268,69033321.673247,346.365905761719,413.0976530930093,786559.0,414.28287809164107,16901.66429065592,261.9757965051668,579.990379295818
38,38,2.026869839,7.52809657,26.82256531,2.064833539,1.577665228,37.46682152,0.565226645,21.94792135,921.408,18675.740846133125,69364.4840437056,247145.2625715648,19025.54141502912,14536.73362401024,345222.29083100165,5208.0435251616,202229.903152608,6.0,3.0,4.0,1272.367992,2012.0,13.559033393859863,8.57683277130127,381.4962785946792,260.5105071244671,260.5105071244671,177.89354216571792,157.23688421222886,157.23688421222886,138.97883788124574,13.0,10.0,7.0,5.5,4.0,15.002975897303552,14.95135175038306,14.95135175038306,15.339776858804814,15.619477913050448,15.619477913050448,17.558123037443117,178253468.8494838,659781841.6767454,2350798953.5164247,185668746.8956155,144449514.12322056,3430426219.868125,58174871.51597904,7007553616.445594,14508218017.4032,48.30058114676625,Haiti,Lower middle income,HTI,476562.054095393,1009788476.12981,337.815307617188,387.4265555245537,11402533.0,387.2059768006016,3300524.5025049504,51158.12978882673,87865.80583531347
39,39,2.0,12.4,1.7,22.9,4.7,13.1,3.6,39.5,415.945,8318.9,51577.18,7071.0650000000005,95251.40499999998,19549.415,54488.795000000006,14974.02,164298.27500000002,6.0,3.0,2.0,2389.012431,2011.0,12.121334075927734,10.651333808898926,329.5435426913283,233.80190017118784,233.80190017118784,165.87589026090936,142.51096691926168,142.51096691926168,122.4371767368838,11.0,8.0,5.0,3.5,2.0,16.19485417072345,16.7508445002019,16.7508445002019,17.75844420245867,17.817633698652486,17.817633698652486,19.774767572591667,160927905.6581339,1032007169.0076408,141484853.81556365,2020527284.5154376,416075559.8661027,1159699964.7331798,353702565.9024207,5284425303.49848,23662231633.9139,22.33274268148308,Honduras,Lower middle income,HND,359377.42544541234,761485686.234131,399.750793457031,387.4265555245537,9904608.0,387.2059768006016,789919.6482843076,12243.754548406767,21029.059590065553
40,40,4.4,2.5,1.3,2.6,3.1,11.9,3.9,70.3,101375.691,4460530.404000001,2534392.2750000004,1317883.9830000002,2635767.9660000005,3142646.421000001,12063707.229000002,3953651.949,71267110.77299999,5.0,3.0,4.0,1927.707823,2009.0,5.767566680908203,5.976767063140869,198.7180112290151,172.72529762152635,172.72529762152635,150.1324829789196,137.61274791921937,137.61274791921937,126.13704918566916,12.0,9.5,7.0,5.5,4.0,10.238552724028835,11.310660231490957,11.310660231490957,13.807361063997998,14.427896214609156,14.427896214609156,16.614618131582688,44018606422.02745,27629498797.07241,14367339374.477655,35077535389.153595,43702848538.84867,167762547616.8707,63314038010.58184,395872414149.0324,2660245248867.63,14.881049569303464,India,Lower middle income,IND,26922058.848585296,57045214878.87557,399.0,387.4265555245537,1380004385.0,387.2059768006016,123919564.82272533,1920753.2547522425,3298958.215170467
41,41,0.8,3.1,0.1,8.0,5.7,4.3,9.3,68.6,14035.824,112286.59200000002,435110.544,14035.824000000002,1122865.92,800041.9680000001,603540.432,1305331.6320000002,9628575.264,6.0,3.0,3.0,3869.588427,2010.0,12.72499942779541,10.034116744995115,364.1544493748775,254.2288865466365,254.2288865466365,177.48602788100786,153.77053576787625,153.77053576787625,133.22388219872886,12.0,9.0,6.0,4.5,3.0,15.908882703339524,16.159919436646124,16.159919436646124,16.84901019128989,16.94990055412503,16.94990055412503,18.84882787422936,3456227810.604953,13604217880.058718,438845738.0664104,36604718690.94751,26237031931.710503,19792848650.237747,47603621204.30701,147737511905.93286,1058423838345.14,13.95825628199403,Indonesia,Lower middle income,IDN,10047171.380266322,21288975465.644928,394.915100097656,387.4265555245537,273523621.0,387.2059768006016,13319330.188921962,206449.61792829042,354584.1515032021
42,42,4.908527203,14.88281453,1.820452872,8.11244046,9.606018934,25.63202374,1.209188411,33.82853386,2532.631,124314.88158661092,376926.77445928426,46105.35377666231,205458.18194650265,243285.0133883535,649164.5791665993,30624.28054539341,856751.9353838565,6.0,3.0,3.0,4145.862936,2006.0,7.686399936676025,1.162616729736328,167.14195475095008,133.84523115337913,133.84523115337913,107.18162252676213,105.33925568675302,105.33925568675302,103.52855766732294,12.0,9.0,6.0,4.5,3.0,9.156284139896748,10.668017882231576,10.668017882231576,12.580111856652929,13.71506724851662,13.71506724851662,16.448893289979047,2359539903.491522,8335385063.681812,1019577019.3748062,5357878832.2246,6916688902.964715,18456005071.51636,1044209216.706738,43489284009.96056,166756984395.973,26.079437792358384,Iraq,Upper middle income,IRQ,2325965.5077753044,6719094379.538907,363.432495117188,413.0976530930093,40222503.0,414.28287809164107,6781309.006943984,105110.28960763176,232704.53816988884
43,43,0.6,0.1,0.1,0.1,1.3,16.8,3.7,77.3,93.406,560.436,93.406,93.406,93.406,1214.2780000000002,15692.208000000002,3456.022000000001,72202.838,6.0,3.0,2.0,4664.530242,2002.0,9.286799430847168,1.234066367149353,181.1505488223747,138.78308331268553,138.78308331268553,106.32451482474798,104.38627177488016,104.38627177488016,102.483361932284,11.0,8.0,5.0,3.5,2.0,10.60007120504932,11.98261093120882,11.98261093120882,13.780874905652723,15.016556858356282,15.016556858356282,18.0008642362162,13855197.625814982,2610382.504570113,2610382.504570113,3002129.9162515784,42527162.72360476,549581795.1973538,145093438.2788102,759280488.7509756,13812425036.5864,5.497083146078917,Jamaica,Upper middle income,JAM,40609.089520927846,117308835.51202571,387.132995605469,413.0976530930093,2961161.0,414.28287809164107,47299.03757386403,733.1350823948925,1623.093813190862
44,44,1.355486567,1.955031715,0.466872438,1.649786193,7.056153032,8.375706294,4.240015228,74.90094853,420.013,5693.21979465371,8211.38735712295,1960.92493301694,6929.316482805089,29636.760034294155,35179.05527661822,17808.615159579636,314593.72094930883,6.0,4.0,2.0,4282.765825,2002.0,10.340332984924316,4.238316059112549,231.51016396403972,172.3325014057929,172.3325014057929,128.28158613973704,118.061839994607,118.061839994607,108.65626534839444,12.0,9.0,6.0,4.0,2.0,11.362502978419617,12.423806893903684,12.423806893903684,13.861306101515275,16.02132075936842,16.02132075936842,18.54963819609266,138524405.0498564,218456798.5887,52168697.50615852,205678494.3266669,1016771517.5514911,1206915377.3302062,707391643.4578946,3545906933.810973,43697659295.7747,8.114638154437351,Jordan,Upper middle income,JOR,189648.034213132,547842621.2737954,429.954071044922,413.0976530930093,10203140.0,414.28287809164107,316337.3798296135,4903.229387359009,10855.30003185873
45,45,0.157539566,0.0,0.0,0.0,0.0,0.0,0.0,99.84246043,447.082,704.3310424641201,0.0,0.0,0.0,0.0,0.0,0.0,446377.6689396526,4.0,5.0,2.0,9122.23343,,10.0,10.0,285.3116706110002,235.7947691000001,235.7947691000001,194.8717100000001,153.55610346059194,153.55610346059194,121.0,11.0,9.0,7.0,4.5,2.0,14.527203171826311,15.31895512194138,15.31895512194138,16.27697498158061,16.935578141662667,16.935578141662667,19.64700189803345,46669164.48608176,0.0,0.0,0.0,0.0,0.0,0.0,46669164.48608176,171082379532.988,0.0272787674648183,Kazakhstan,Upper middle income,KAZ,2496.0371121873704,7210385.913099632,416.154632568359,413.0976530930093,18754440.0,414.28287809164107,4938.023392945442,76.53936259065435,169.45112690644396
46,46,2.2,2.9,13.3,1.7,2.1,32.4,4.7,40.7,4999.11,109980.42,144974.19,664881.63,84984.87,104981.31,1619711.64,234958.17,2034637.77,6.0,2.0,4.0,1878.580703,2005.0,17.550132751464844,15.862601280212402,638.2611234508663,392.94251506336377,392.94251506336377,241.9132459603863,208.79321134463552,208.79321134463552,180.2075985154792,12.0,9.0,6.0,5.0,4.0,25.303882432310004,22.48803424243864,22.48803424243864,20.761044473900345,20.624987878293457,20.624987878293457,20.58726008704616,2613980817.2359247,3062259890.975503,14044157431.02558,1657260099.902984,2033787393.3519688,31378434068.858948,4543483585.382564,59333363286.73347,101013726529.063,58.73792139493285,Kenya,Lower middle income,KEN,4035078.578343605,8549937649.618293,454.958404541016,387.4265555245537,53771300.0,387.2059768006016,11128701.317761263,172494.87042529957,296265.7324444879
47,47,1.168022408,2.620713075,0.207148179,5.074869665,8.265644838,9.994878666,8.705849001,63.96287417,8.16,95.3106284928,213.85018692,16.903291406399997,414.109364664,674.4766187808,815.5820991456,710.3972784816001,5219.370532272,6.0,3.0,4.0,1653.540297,,10.0,10.0,345.2271214393104,259.3742460100002,259.3742460100002,194.8717100000001,168.91171380665116,168.91171380665116,146.41000000000005,13.0,10.0,7.0,5.5,4.0,13.872862717185765,14.904227909976346,14.904227909976346,16.276974981580615,16.328376030624668,16.328376030624668,18.10410133388589,1093181.3389593095,2635141.282284697,208288.6231385708,5572801.00233253,9105308.816987108,11010206.538739515,10633177.12599679,40258104.72843852,197508774.344505,20.38294494107804,Kiribati,Lower middle income,KIR,2737.829224502383,5801192.891367991,411.484497070313,387.4265555245537,119446.0,387.2059768006016,10414.202935662408,161.42014550276733,277.2445204936309
48,48,0.449410302,0.19385447,0.0,0.0,0.425818863,2.526327457,12.36189111,84.04269779,199.191,895.18487465682,386.1406573377,0.0,0.0,848.1928513983299,5032.21692487287,24623.774520920106,167405.4901548789,4.0,5.0,2.0,,,10.0,10.0,285.3116706110002,235.7947691000001,235.7947691000001,194.8717100000001,153.55610346059194,153.55610346059194,121.0,11.0,9.0,7.0,4.5,2.0,14.527203171826311,15.31895512194138,15.31895512194138,16.27697498158061,16.935578141662667,16.935578141662667,19.64700189803345,,,,,,,,0.0,,,,Lower middle income,,0.0,0.0,,387.4265555245537,,387.2059768006016,53036.31305950452,,1411.9205544362821
49,48,0.449410302,0.19385447,0.0,0.0,0.425818863,2.526327457,12.36189111,84.04269779,199.191,895.18487465682,386.1406573377,0.0,0.0,848.1928513983299,5032.21692487287,24623.774520920106,167405.4901548789,4.0,5.0,2.0,,,10.0,10.0,285.3116706110002,235.7947691000001,235.7947691000001,194.8717100000001,153.55610346059194,153.55610346059194,121.0,11.0,9.0,7.0,4.5,2.0,14.527203171826311,15.31895512194138,15.31895512194138,16.27697498158061,16.935578141662667,16.935578141662667,19.64700189803345,,,,,,,,0.0,,,,Lower middle income,,0.0,0.0,,387.4265555245537,,387.2059768006016,53036.31305950452,,1411.9205544362821
50,48,0.449410302,0.19385447,0.0,0.0,0.425818863,2.526327457,12.36189111,84.04269779,199.191,895.18487465682,386.1406573377,0.0,0.0,848.1928513983299,5032.21692487287,24623.774520920106,167405.4901548789,4.0,5.0,2.0,,,10.0,10.0,285.3116706110002,235.7947691000001,235.7947691000001,194.8717100000001,153.55610346059194,153.55610346059194,121.0,11.0,9.0,7.0,4.5,2.0,14.527203171826311,15.31895512194138,15.31895512194138,16.27697498158061,16.935578141662667,16.935578141662667,19.64700189803345,,,,,,,,0.0,,,,Lower middle income,,0.0,0.0,,387.4265555245537,,387.2059768006016,53036.31305950452,,1411.9205544362821
51,48,0.449410302,0.19385447,0.0,0.0,0.425818863,2.526327457,12.36189111,84.04269779,199.191,895.18487465682,386.1406573377,0.0,0.0,848.1928513983299,5032.21692487287,24623.774520920106,167405.4901548789,4.0,5.0,2.0,,,10.0,10.0,285.3116706110002,235.7947691000001,235.7947691000001,194.8717100000001,153.55610346059194,153.55610346059194,121.0,11.0,9.0,7.0,4.5,2.0,14.527203171826311,15.31895512194138,15.31895512194138,16.27697498158061,16.935578141662667,16.935578141662667,19.64700189803345,,,,,,,,0.0,,,,Lower middle income,,0.0,0.0,,387.4265555245537,,387.2059768006016,53036.31305950452,,1411.9205544362821
52,48,0.449410302,0.19385447,0.0,0.0,0.425818863,2.526327457,12.36189111,84.04269779,199.191,895.18487465682,386.1406573377,0.0,0.0,848.1928513983299,5032.21692487287,24623.774520920106,167405.4901548789,4.0,5.0,2.0,,,10.0,10.0,285.3116706110002,235.7947691000001,235.7947691000001,194.8717100000001,153.55610346059194,153.55610346059194,121.0,11.0,9.0,7.0,4.5,2.0,14.527203171826311,15.31895512194138,15.31895512194138,16.27697498158061,16.935578141662667,16.935578141662667,19.64700189803345,,,,,,,,0.0,,,,Lower middle income,,0.0,0.0,,387.4265555245537,,387.2059768006016,53036.31305950452,,1411.9205544362821
53,49,4.573769586,8.570702792,1.050972493,9.213757422,11.48395388,22.66174967,3.574342804,38.87075135,429.017,19622.24906476962,36769.77199715464,4508.85066029381,39528.58567914174,49268.1144173596,97222.7585817439,15334.53826743668,166762.1313192295,5.0,4.0,3.0,2629.714583,,10.0,10.0,313.8428376721003,247.303640184318,247.303640184318,194.8717100000001,161.05100000000007,161.05100000000007,133.10000000000005,12.0,9.5,7.0,5.0,3.0,14.184453409871743,14.403627039894936,14.403627039894936,16.276974981580615,17.436179011744077,17.436179011744077,18.838815888241864,365965383.9357492,696372197.0764375,85391833.292883,845986807.7293708,1129525082.8527536,2228937432.2700706,379841947.964316,5732020685.121581,,,Lao People's Democratic Republic,Lower middle income,LAO,389817.00338446937,825984180.7260199,368.14208984375,387.4265555245537,7275556.0,387.2059768006016,1002429.7994350343,15537.661891243033,26686.45606292051
54,50,1.9,12.4,0.0,8.0,16.5,11.4,9.9,39.8,342.864,6514.416,42515.136,0.0,27429.12,56572.56,39086.496,33943.536,136459.872,6.0,3.0,3.0,4649.547646,,10.0,10.0,313.8428376721004,235.7947691000002,235.7947691000002,177.1561000000001,153.55610346059197,153.55610346059197,133.10000000000005,12.0,9.0,6.0,4.5,3.0,14.184453409871749,15.318955121941382,15.318955121941382,16.828976900706074,16.935578141662667,16.935578141662667,18.838815888241864,214817075.7878737,1514096039.156392,0.0,1073124958.2975768,2227340251.839677,1538889628.5437768,1486590628.576856,8054858582.202151,31735217784.5445,25.381450465813355,Lebanon,Upper middle income,LBN,430803.2118422335,1244475650.9502325,389.889038085938,413.0976530930093,6825442.0,414.28287809164107,737857.1152874815,11436.785286955963,25319.993392502565
55,51,1.26050344,11.29450431,5.077054755,10.46204682,11.64626368,38.18589805,1.114153123,20.95957582,87.568,1103.7976523392,9890.371534180798,4445.8753078584,9161.4051593376,10198.4001793024,33438.627204424,975.64160674864,18353.8813540576,7.0,3.0,2.0,875.353433,,10.0,10.0,313.8428376721004,224.8214910766528,224.8214910766528,161.05100000000007,139.59645769144723,139.59645769144723,121.0,12.0,8.5,5.0,3.5,2.0,14.184453409871749,14.818354251859972,14.818354251859972,17.436179011744077,17.603500463804483,17.603500463804483,19.64700189803345,6852602.097374745,64145474.61941296,28834385.11240184,69914435.08243169,78575025.22923237,257632661.00803632,8389576.59687285,514344159.7457628,1875227642.47384,27.428358461441466,Lesotho,Lower middle income,LSO,34978.95595192593,74116993.41936442,392.911987304688,387.4265555245537,2142252.0,387.2059768006016,199912.40544837603,3098.6422844498284,5322.022177949615
56,52,9.284451847,7.993616554,39.85185874,0.564388556,1.776378409,29.12589319,0.526631668,10.87678103,341.131,31672.143430189568,27268.70408682573,135947.04423834936,1925.30432496836,6059.777430405789,99357.45069797889,1796.50387536508,37104.0718954493,6.0,3.0,3.0,632.9363856,2010.0,12.807833671569824,6.774719715118408,305.3839413407069,212.7298423063027,212.7298423063027,148.18718236783778,134.30988595174986,134.30988595174986,121.73215777592942,12.0,9.0,6.0,4.5,3.0,13.894524939473396,14.266733315775332,14.266733315775332,15.069978106632568,15.650080312567455,15.650080312567455,17.92008278354067,139267963.54003134,123117307.52725512,613796460.5732963,9182101.195737503,30012578.628036167,492092875.6214454,10188218.184976896,1417657505.270779,3201187800.0,44.28535886806699,Liberia,Low income,LBR,68584.17489614083,171111260.88618302,331.745941162109,355.40796770368314,5057677.0,350.4277624474908,1261715.8704608376,19556.595992142982,17827.396096796285
57,53,12.46629275,24.4165597,3.698736678,13.50384081,12.26570469,18.47112058,3.294681059,11.88306373,1845.062,230010.83033900496,450500.664732014,68243.98492584037,249154.2353258022,226309.85626740777,340803.62679575954,60788.90824080658,219249.8933180126,5.0,4.0,3.0,471.4914963,2010.0,2.7690868377685547,10.3333740234375,228.1711769038949,213.1103481239992,213.1103481239992,199.0436351067305,163.50630193745613,163.50630193745613,134.31381897204193,12.0,9.5,7.0,5.0,3.0,11.248059276416212,12.985538171486724,12.985538171486724,16.5072660481169,17.60017410890657,17.60017410890657,18.936915039404266,609915612.968097,1379111112.7554853,208914315.4670601,969588137.8350244,938997209.265199,1414050893.5260353,271379753.0703842,5791957034.887285,13056079982.3887,44.36214424773773,Madagascar,Low income,MDG,280206.3211986938,699089214.1108954,350.773315429688,355.40796770368314,27691019.0,350.4277624474908,6712156.936597519,104038.43251726154,94839.32410937906
58,54,2.23232304,15.18177347,17.9710741,4.02785625,6.023283394,43.36153482,0.630120149,10.57203478,883.0,19711.412443199995,134055.05974009997,158684.58430299998,35565.970687500005,53185.59236902,382882.3524606,5563.96091567,93351.06710739998,6.0,4.0,2.0,636.8205368,,10.0,10.0,313.84283767210025,235.7947691000002,235.7947691000002,177.1561000000001,146.41000000000005,146.41000000000005,121.0,12.0,9.0,6.0,4.0,2.0,14.184453409871738,15.318955121941382,15.318955121941382,16.828976900706074,18.10410133388589,18.10410133388589,19.64700189803345,89026113.68313485,653882055.5946761,774017798.1823257,190580931.52655083,306590036.64429235,2207137482.964754,34807066.46526073,4256041485.0609946,12182348212.7073,34.93613391071481,Malawi,Low income,MWI,205900.9968849285,513704207.24686205,359.484069824219,355.40796770368314,19129955.0,350.4277624474908,2609333.246922732,40444.66532730234,36868.53627706266
59,55,0.50887708,0.68920772,0.54705597,1.409422997,1.964223999,30.3880565,10.79485305,53.69830268,9.384,47.7530251872,64.67525244480001,51.3357322248,132.26025403848,184.32278006616,2851.61522196,1012.989010212,5039.048723491201,7.0,3.0,2.0,6924.105745,2004.0,2.76391339302063,3.485943078994751,143.64524358682803,130.57169128796133,130.57169128796133,118.6879992687905,112.74174858226604,112.74174858226604,107.0934041494894,12.0,8.5,5.0,3.5,2.0,8.350934924074933,10.518679015451047,10.518679015451047,14.606659629615622,15.630445900253305,15.630445900253305,18.41069911491053,1380605.7733847045,2355228.409166099,1869453.4674508823,6688272.480281311,9974337.880003393,154310681.06384197,64566717.85828028,241145296.93240863,3742769967.42798,6.442963340814743,Maldives,Upper middle income,MDV,12897.329900822277,37256948.37605713,,413.0976530930093,540542.0,414.28287809164107,9478.914604178955,146.9231763647738,325.2744334550421
60,56,36.31037784,14.26314491,2.259324129,4.556967743,6.90863752,20.84258826,2.28076532,12.57819427,1349.083,489857.13467520726,192421.6632461753,30480.15773923707,61477.277136296696,93203.2543139416,281183.8149756558,30769.417202015604,169690.2806035441,6.0,3.0,3.0,862.4530188,1994.0,21.23196601867676,12.40451717376709,640.3323981587861,359.3801051002203,359.3801051002203,201.6984621006456,169.2493229823578,169.2493229823578,142.0205837548366,12.0,9.0,6.0,4.5,3.0,25.374875323618227,20.95691732424603,20.95691732424603,18.31919430844317,17.98376330414856,17.98376330414856,19.55976498722517,5360172989.064014,1738948880.600219,275454620.26983047,485653412.01277024,722798271.7690557,2180601707.6319284,259530470.3526068,11023160351.700424,17465392915.9153,63.11429925893963,Mali,Low income,MLI,533284.2062757782,1330495454.450241,307.364959716797,355.40796770368314,20250834.0,350.4277624474908,5407540.1512702415,83816.87234468875,76405.76015804068
61,57,16.07514036,24.05459948,0.0,5.608666111,3.484146314,31.24091584,0.87407865,18.66245325,281.848,45307.4616018528,67797.4075423904,0.0,15807.91326053128,9819.99670308272,88051.8964767232,2463.573193452,52599.75123606,6.0,4.0,3.0,1701.991163,2000.0,11.945899963378906,6.230932712554932,300.47345789732793,214.1812942803634,214.1812942803634,152.67114486793272,135.28665943599745,135.28665943599745,119.88172511042616,13.0,10.0,7.0,5.0,3.0,12.478380214857625,13.029953222846084,13.029953222846084,13.947495687472598,15.715321193947975,15.715321193947975,17.770533404308566,481122038.2450704,751766985.3304893,0.0,187628188.33242625,131329384.48552772,1177576909.3121307,37255743.84114192,2766679249.5467863,7913680231.1828,34.96071573179134,Mauritania,Lower middle income,MRT,188153.30118813843,398678479.8596919,342.093566894531,387.4265555245537,4649660.0,387.2059768006016,1116568.9898733853,17306.81934303747,29725.043395826087
62,58,2.2,0.2,0.1,0.2,1.8,6.6,14.6,74.4,79.5,1749.0,159.0,79.5,159.0,1431.0000000000002,5247.0,11607.0,59148.00000000001,6.0,3.0,3.0,4547.059721,,10.0,10.0,313.8428376721004,235.7947691000002,235.7947691000002,177.1561000000001,153.55610346059197,153.55610346059197,133.10000000000005,12.0,9.0,6.0,4.5,3.0,14.184453409871749,15.318955121941382,15.318955121941382,16.828976900706074,16.935578141662667,16.935578141662667,18.838815888241864,56403113.39049309,5537668.202321511,2768834.1011607554,6083527.85936178,55098569.47476858,202028088.07415143,497134895.5904133,825054696.6926703,11915547262.6561,6.92418634667693,Moldova,Upper middle income,MDA,44126.93403036108,127470950.63901757,438.620941162109,413.0976530930093,2620495.0,414.28287809164107,56699.710733032975,878.845516362011,1945.6833462368304
63,59,0.759262433,0.754787511,0.0,0.414134545,1.07704934,5.609804531,5.190751948,86.19420969,91.423,694.14049412159,690.04938618153,0.0,378.61422507535,984.6708181082,5128.651596376129,4745.541153420039,78801.33232488869,5.0,4.0,3.0,4060.950518,2011.0,13.721932411193848,4.188283920288086,253.48563206261792,183.79884203495607,183.79884203495607,133.26993746551145,122.7706129820876,122.7706129820876,113.09845039807377,12.0,9.5,7.0,5.0,3.0,12.115711624382408,11.76991025160623,11.76991025160623,12.876545315523837,14.879346512794958,14.879346512794958,17.22231863199895,17076309.219841518,16491153.237140996,0.0,9899060.752578393,29749017.498818632,154947565.501197,165949162.85392693,394112269.0635035,13312981594.573,2.9603606544769976,Mongolia,Lower middle income,MNG,26802.356823687904,56791577.97205086,434.618682861328,387.4265555245537,3278292.0,387.2059768006016,37135.25143667144,575.5963972684073,988.6061412068623
64,60,2.394414252,0.505478551,1.085280729,0.442186925,0.884685768,4.441617949,0.797628424,89.70978954,31.196,746.96147005392,157.68908876996002,338.56417621884,137.94463312300002,275.98657218528,1385.6071353700404,248.82816315104,27985.865944898404,5.0,4.0,4.0,7677.152226,,10.0,10.0,345.2271214393103,272.0340042027498,272.0340042027498,214.3588810000001,177.1561000000001,177.1561000000001,146.41000000000005,13.0,10.5,8.0,6.0,4.0,13.872862717185765,14.026602301744909,14.026602301744909,15.775155055102912,16.828976900706074,16.828976900706074,18.10410133388589,39777221.66729434,8490324.387060197,18229033.501038045,8353117.71227339,17828541.78394027,89509263.12634613,17292057.13598295,199479559.3139353,4769860740.74074,4.182083506340627,Montenegro,Upper middle income,MNE,10668.894304265008,30819591.914003003,436.129730224609,413.0976530930093,621306.0,414.28287809164107,17202.038724922317,266.6316002362959,590.2979016240923
65,61,8.9,31.0,16.6,7.5,3.4,28.8,0.7,3.1,1443.972,128513.508,447631.32,239699.352,108297.9,49095.048,415863.9360000001,10107.803999999998,44763.132,7.0,3.0,2.0,448.5442807,2008.0,20.178565979003903,13.291718482971191,675.7404943977031,355.1283829881408,355.1283829881408,186.6340251166696,154.7724209155659,154.7724209155659,128.35013476824798,12.0,8.5,5.0,3.5,2.0,26.588486979333563,20.76295378991082,20.76295378991082,19.14492636607789,18.7185005695176,18.7185005695176,20.300432267909343,766333358.5051196,2084418557.107014,1116172517.676659,464995835.5693528,206102886.2901373,1745812683.8693988,46019026.305182405,6429854865.322865,14019446610.1963,45.863827896362544,Mozambique,Low income,MOZ,311066.8754621907,776083482.2444698,368.243591308594,355.40796770368314,31255435.0,350.4277624474908,5161280.345367649,79999.84535319856,72926.2358013072
66,62,3.0,8.2,5.5,4.0,8.1,36.7,7.1,27.4,96.054,2881.62,7876.427999999999,5282.969999999999,3842.16,7780.374,35251.81800000001,6819.833999999999,26318.796,7.0,3.0,2.0,4179.278066,2014.0,12.625166893005373,14.214083671569824,446.7313511233322,294.660801243181,294.660801243181,194.3561551499507,159.227768724621,159.227768724621,130.44856908936353,12.0,8.5,5.0,3.5,2.0,18.73920404506242,18.00442311486178,18.00442311486178,19.660704668448904,19.04584145752068,19.04584145752068,20.486984046596465,112838972.23234834,296332844.5765671,198759834.77696577,157850440.37919402,309650589.18921983,1402984768.301774,291959831.9230605,2770377281.3791294,10619194505.3543,26.08839380409012,Namibia,Upper middle income,NAM,148169.88016027855,428023289.9730755,406.661865234375,413.0976530930093,2540916.0,414.28287809164107,210262.8776104164,3259.0746029614543,7215.292177144698
67,63,3.119346122,4.156674427,7.901830972,2.330390365,3.097098041,38.53651328,1.072706718,39.78544008,2453.455,76531.7533975151,101982.13656295284,193867.8670740826,57175.07892961075,75985.90674181655,945476.011893824,26318.3766081069,976117.868914764,5.0,3.0,4.0,1155.142854,2010.0,9.674599647521973,5.052016735076904,224.05830593855435,177.86721443611287,177.86721443611287,141.1987198543678,131.1366750568333,131.1366750568333,121.79166753564252,12.0,9.5,7.0,5.5,4.0,11.107090721984171,11.52390951395792,11.52390951395792,13.314215625021514,14.03466770328148,14.03466770328148,16.295356617332086,490961777.65037584,678780951.075964,1290361426.3306048,439671240.82425576,615943511.7412624,7664050348.332836,247701517.1785513,11427470773.13385,33657175561.329,33.95255419549715,Nepal,Lower middle income,NPL,777146.9535358378,1646698538.408588,368.557586669922,387.4265555245537,29136808.0,387.2059768006016,5869146.486638071,90971.7705428901,156247.07079816004
68,64,61.6,15.1,0.8,2.8,5.8,9.0,0.6,4.4,1509.873,930081.768,227990.823,12078.984,42276.444,87572.63399999999,135888.56999999998,9059.238,66434.41200000001,6.0,4.0,3.0,567.6698923,2011.0,38.6956672668457,6.257501125335693,1088.6657350697012,408.042942908635,408.042942908635,152.93862743542627,135.45592040679537,135.45592040679537,119.97169505786955,13.0,10.0,7.0,5.0,3.0,37.03771797624525,21.0699233271009,21.0699233271009,13.962260776531494,15.72662651201431,15.72662651201431,17.777804649591115,9777576373.364471,1363471884.116233,72236921.01278056,167540597.8587033,390903762.7447735,606574804.2591312,45712572.7387444,12424016916.09484,13741378450.136,90.41317769668062,Niger,Low income,NER,601055.5764830571,1499578841.7726471,304.922241210938,355.40796770368314,24206636.0,350.4277624474908,8589351.002871042,133134.94054450115,121363.11044947684
69,65,22.32485106,1.416621055,4.320895584,5.527964666,0.824094807,17.84277489,1.720761869,46.02203607,13620.092,3040665.2532349755,192945.09098237063,588509.9537647372,752913.8732366927,112242.47088062244,2430202.355370899,234369.34965871947,6268243.653007184,6.0,3.0,3.0,2097.092473,2003.0,16.62380027770996,6.750900268554688,372.3509039285248,234.742024114724,234.742024114724,147.98894619054064,134.17510945181718,134.17510945181718,121.65070743343034,12.0,9.0,6.0,4.5,3.0,16.18981598805294,15.270928902749466,15.270928902749466,15.05794116409867,15.641078289286945,15.641078289286945,17.913500080810625,51617635882.98109,3089489862.2737017,9423383236.889135,11887717644.454336,1840820720.72496,39856275581.09709,4402190687.389998,122117513615.81032,432293776262.398,28.24873276493488,Nigeria,Lower middle income,NGA,8304834.513601829,17597133712.03827,309.024963378906,387.4265555245537,206139587.0,387.2059768006016,35850907.822338976,555689.0712462541,954414.6402629629
70,66,0.412872107,1.76566205,0.0,0.092694328,3.090321744,0.73670506,1.690421878,92.21132283,96.386,397.9509090530199,1701.851023513,0.0,89.34435498607999,2978.63751617184,710.0805391316,1629.33003132908,88878.8056229238,5.0,4.0,4.0,5917.262575,,10.0,10.0,345.2271214393103,272.0340042027498,272.0340042027498,214.3588810000001,177.1561000000001,177.1561000000001,146.41000000000005,13.0,10.5,8.0,6.0,4.0,13.872862717185765,14.026602301744909,14.026602301744909,15.775155055102912,16.828976900706074,16.828976900706074,18.10410133388589,16333769.979050066,70626042.15885904,0.0,4169957.22526928,148308558.958465,35355433.7952487,87272392.06722659,362066154.1841187,12263710122.7645,2.9523378370794475,North Macedonia,Upper middle income,MKD,19364.61832694769,55939220.82144634,413.617309570313,413.0976530930093,2072531.0,414.28287809164107,33402.150338482126,517.733330246473,1146.21409530791
71,67,22.52967797,6.323955231,9.636203868,6.657674825,2.471901162,25.08989529,1.914387133,25.37630452,18116.985,4081698.3783732047,1145710.0206069853,1745789.60933498,1206169.949394026,447833.96273436566,4545532.566205007,346829.22972754005,4597421.283442723,5.0,3.0,4.0,1188.859757,2010.0,13.380233764648438,7.00066614151001,300.87916168609206,219.81065490197503,219.81065490197503,160.58514567002186,145.08604691410417,145.08604691410417,131.08286523845806,12.0,9.5,7.0,5.5,4.0,13.740123724045691,13.263418126420762,13.263418126420762,14.384350050543953,14.881676507220378,14.881676507220378,16.977994435297845,33337435082.93368,9032974893.670565,13764105600.123148,10313341018.293888,3961589910.372108,40210295444.31142,3500279375.3802404,114120021325.08502,262610002938.509,43.45608318347515,Pakistan,Lower middle income,PAK,7760949.791159519,16444695072.944752,338.656555175781,387.4265555245537,220892331.0,387.2059768006016,67757262.93697447,1050237.5755231043,1803818.3036162902
72,68,0.6,1.7,1.6,5.0,6.6,16.5,4.7,63.3,215.306,1291.8360000000002,3660.202,3444.896,10765.3,14210.196000000002,35525.490000000005,10119.382,136288.698,6.0,3.0,3.0,12509.83529,2012.0,10.868332862854004,6.415416240692139,269.6946870109552,197.901843498745,197.901843498745,145.2202862958544,132.28800482819133,132.28800482819133,120.5073799797566,12.0,9.0,6.0,4.5,3.0,12.67127659688753,13.59028010928261,13.59028010928261,14.8898275508187,15.515034359053272,15.515034359053272,17.821097955543653,102388068.43132964,311139434.4818592,292837114.80645573,1002622394.6649008,1379032196.3813136,3447580490.9532843,1128002452.4096484,7663602152.128792,53977036995.1729,14.19789336123459,Panama,Upper middle income,PAN,409877.3911081533,1184026532.5038984,376.864685058594,413.0976530930093,4314768.0,414.28287809164107,253801.44846701957,3933.9224512388037,8709.34340138299
73,69,0.7,3.2,0.7,5.2,4.3,9.0,2.0,74.9,989.976,6929.831999999999,31679.232,6929.831999999999,51478.75200000001,42568.968,89097.84,19799.52,741492.0240000001,6.0,3.0,2.0,6126.87454,2012.0,14.579899787902832,4.869932651519775,287.0156473226373,190.8008300547972,190.8008300547972,126.83962386439649,118.10776787616432,118.10776787616432,109.97702774334294,11.0,8.0,5.0,3.5,2.0,14.591447309178186,14.592965115774977,14.592965115774977,15.15112483252816,16.02469514767152,16.02469514767152,18.66705458197684,309763376.12830144,1416208447.107936,309795597.80486095,2389361589.729584,2089738238.9558165,4373870732.69822,1132242495.437183,12020980477.8619,202014363787.233,5.950557303203807,Peru,Upper middle income,PER,642925.8746762346,1857241483.8296635,415.025421142578,413.0976530930093,32971846.0,414.28287809164107,728454.166121916,11291.039574889699,24997.32575698157
74,70,2.1,32.1,10.3,12.9,5.7,22.6,1.3,13.0,810.708,17024.868000000002,260237.268,83502.92400000001,104581.332,46210.356,183220.008,10539.204,105392.04,6.0,3.0,3.0,797.8555207,2010.0,34.10900115966797,19.686168670654297,1710.0600304383174,708.9858580738957,708.9858580738957,293.9434511079343,224.4904350592801,224.4904350592801,171.44779121001656,12.0,9.0,6.0,4.5,3.0,62.0397644556221,36.905929438194,36.905929438194,23.92032951423352,21.673440489759944,21.673440489759944,21.938030724476285,421355000.5661359,3831421190.604481,1229396830.6300986,997965632.9208716,399541072.1985779,1584145303.8048878,92235840.59947386,8556060871.324527,10333991455.5443,82.79531590607331,Rwanda,Low income,RWA,413929.5796334567,1032716547.1688704,358.083984375,355.40796770368314,12952209.0,350.4277624474908,2689938.702849841,41694.04989417254,38007.44989780564
75,71,0.0,0.0,0.7,1.4,0.5,6.4,2.8,88.2,4.957,0.0,0.0,34.69899999999999,69.39799999999998,24.785,317.248,138.79599999999996,4372.074,7.0,3.0,2.0,8804.561048,,10.0,10.0,313.8428376721004,224.8214910766528,224.8214910766528,161.05100000000007,139.59645769144723,139.59645769144723,121.0,12.0,8.5,5.0,3.5,2.0,14.184453409871749,14.818354251859972,14.818354251859972,17.436179011744077,17.603500463804483,17.603500463804483,19.64700189803345,0.0,0.0,2263573.730975821,5326917.700678115,1920727.138492889,24585307.37270898,12004690.030470427,46101215.97332624,,,Saint Lucia,Upper middle income,LCA,2465.661154501817,7122637.867878905,417.760650634766,413.0976530930093,183629.0,414.28287809164107,1349.0573796938663,20.910389385254927,46.29368373936049
76,72,0.715486708,6.099479176,5.933247867,2.968096479,5.801159925,47.95898337,0.111835047,30.41171143,10.661,76.27803793988,650.26547495336,632.54355510087,316.42876562619,618.46165960425,5112.9072170757,11.92273436067,3242.1925555523,6.0,3.0,3.0,2157.840446,,10.0,10.0,313.8428376721004,235.7947691000002,235.7947691000002,177.1561000000001,153.55610346059197,153.55610346059197,133.10000000000005,12.0,9.0,6.0,4.5,3.0,14.184453409871749,15.318955121941382,15.318955121941382,16.828976900706074,16.935578141662667,16.935578141662667,18.838815888241864,1167350.9794032343,10747542.561162123,10454635.90193375,5745436.17977246,11300616.634436494,93423744.94902158,242336.484380252,133081663.69010988,472914469.91933,28.14074682739376,Sao Tome and Principe,Lower middle income,STP,9050.472458997763,19177067.737744834,,387.4265555245537,219161.0,387.2059768006016,23938.931161687902,371.0534330061625,637.2967314017536
77,73,30.11806548,12.31683196,6.953802129,2.413710287,5.220220957,30.66190631,0.797440294,11.51802259,1022.681,308011.7332315188,125961.9002568476,71115.2131508785,24684.556500194467,53386.20788525718,313573.4900701711,8155.270373082141,117792.62860363787,6.0,4.0,3.0,1471.830962,2011.0,9.835599899291992,6.451167583465576,271.9642148428689,205.249630503778,205.249630503778,154.90056604056207,136.69484795432064,136.69484795432064,120.62887783355085,13.0,10.0,7.0,5.0,3.0,11.590058735728457,12.659532821218855,12.659532821218855,14.070560164055628,15.809377248465166,15.809377248465166,17.830917242109276,2627125600.2855444,1173504668.9589016,662533944.7594323,255602239.8891442,621114653.1735116,3648228582.707165,107013849.60578582,9095123539.379484,24644234594.6566,36.9056847939254,Senegal,Lower middle income,SEN,618531.229786945,1310607302.0245838,412.453857421875,387.4265555245537,16743930.0,387.2059768006016,4769769.936732547,73931.43401935448,126979.72059349337
78,74,0.0,0.300467549,0.0,0.04626706,0.505433142,2.207655049,2.269115429,94.67106177,409.183,0.0,1229.4621310246698,0.0,189.3169441198,2068.14649342986,9033.34915914967,9284.83458584507,387377.8906823391,4.0,4.0,4.0,7720.510572,2008.0,37.65433120727539,6.167335510253906,579.5446042611508,305.8490284517453,305.8490284517453,161.4088501852818,143.20082098458806,143.20082098458806,127.04678279487511,12.0,10.0,8.0,6.0,4.0,23.291375134802404,16.83166360485099,16.83166360485099,13.11801699805958,14.767205190801803,14.767205190801803,16.681457583909737,0.0,79883709.85780793,0.0,9586800.752506722,117895067.04810676,514947711.9586006,597893996.7285749,1320207286.3455968,53335016425.4148,2.4753105461058817,Serbia,Upper middle income,SRB,70609.5002725311,203972025.7403947,457.453491210938,413.0976530930093,6908224.0,414.28287809164107,74926.22561393431,1161.3564970159819,2571.1367393005607
79,75,17.70581351,5.699131046,7.800374271,3.899201384,4.84286755,29.32748309,2.010632333,28.71449682,709.802,125676.2184102502,40452.54614712892,55367.21258304342,27676.60940765968,34374.770727251,208167.06152248185,14271.50851228066,203816.07271829643,6.0,3.0,4.0,509.376594,2011.0,5.50736665725708,4.351700305938721,185.8632003958552,158.2504887512122,158.2504887512122,134.74005148227292,126.40009902350478,126.40009902350478,118.57636135202031,13.0,10.0,7.0,5.5,4.0,8.907231262477437,10.710350518839746,10.710350518839746,12.957695891382388,13.747061806628572,13.747061806628572,16.059123392350283,285104992.30298936,110346493.15943298,151030734.19237158,91337612.9264942,120353489.02639942,728837796.574517,58371480.068350285,1545382598.250555,4063289449.58795,38.03279627069809,Sierra Leone,Low income,SLE,74763.32612482751,186527679.608842,315.875946044922,355.40796770368314,7976985.0,350.4277624474908,2251789.9317321144,34902.74394184777,31816.633189454897
80,76,0.688548953,2.14382871,2.659261302,1.611151639,1.759658752,18.53801527,2.050412372,70.549123,2925.404,20142.83861302012,62715.650835488406,77794.13649916007,47132.69449337156,51477.12751735808,542311.8402291908,59982.84554698288,2063846.86620692,7.0,2.0,3.0,5655.867654,2011.0,8.879499435424805,12.272750854492188,323.5896537075504,240.26096815115844,240.26096815115844,178.39053923863156,158.89032546270232,158.89032546270232,141.52171765046307,12.0,8.5,5.0,4.0,3.0,14.5185252974683,15.522703092803836,15.522703092803836,18.594325543057646,19.02104900994057,19.02104900994057,19.519447326593777,827013162.3222617,2753040035.5942936,3414942992.1164765,2478403086.929908,2768968480.922834,29171099182.24428,3311035402.0006685,44724502342.13073,335442101366.417,13.333002076944522,South Africa,Upper middle income,ZAF,2392029.488836513,6909935611.859198,342.763977050781,413.0976530930093,59308690.0,414.28287809164107,2693995.5994128636,41756.93179089938,92446.01612330887
81,77,47.0,8.0,28.3,1.4,0.9,8.3,0.5,5.7,761.943,358113.21,60955.44,215629.869,10667.201999999996,6857.487000000001,63241.269,3809.715,43430.751,6.0,2.0,4.0,1119.651437,,10.0,10.0,313.84283767210025,235.7947691000002,235.7947691000002,177.1561000000001,161.05100000000004,161.05100000000004,146.41000000000005,12.0,9.0,6.0,5.0,4.0,14.184453409871738,15.318955121941382,15.318955121941382,16.828976900706074,17.436179011744077,17.436179011744077,18.10410133388589,2843713192.6110525,522750504.4146395,1849229909.3667872,100498847.10671544,66937449.15048293,617312031.0544536,38612000.74078234,6039053934.444914,11997800760.2242,50.33467428852406,South Sudan,Low income,SSD,292160.5040055754,728913809.8875011,335.587432861328,355.40796770368314,11193729.0,350.4277624474908,3890482.526594688,60302.47916221766,54970.51644752301
82,78,0.738936002,0.0,0.0,0.23585281,13.21204083,4.922314454,4.281131813,76.60972409,206.864,1528.59257117728,0.0,0.0,487.8945568784,27330.9561425712,10182.496572122562,8856.12051364432,158477.9396415376,6.0,3.0,3.0,,,10.0,10.0,313.8428376721004,235.7947691000002,235.7947691000002,177.1561000000001,153.55610346059197,153.55610346059197,133.10000000000005,12.0,9.0,6.0,4.5,3.0,14.184453409871749,15.318955121941382,15.318955121941382,16.828976900706074,16.935578141662667,16.935578141662667,18.838815888241864,,,,,,,,0.0,,,,Lower middle income,,0.0,0.0,,387.4265555245537,,387.2059768006016,129058.35942479412,,3435.762025713381
83,78,0.738936002,0.0,0.0,0.23585281,13.21204083,4.922314454,4.281131813,76.60972409,206.864,1528.59257117728,0.0,0.0,487.8945568784,27330.9561425712,10182.496572122562,8856.12051364432,158477.9396415376,6.0,3.0,3.0,,,10.0,10.0,313.8428376721004,235.7947691000002,235.7947691000002,177.1561000000001,153.55610346059197,153.55610346059197,133.10000000000005,12.0,9.0,6.0,4.5,3.0,14.184453409871749,15.318955121941382,15.318955121941382,16.828976900706074,16.935578141662667,16.935578141662667,18.838815888241864,,,,,,,,0.0,,,,Lower middle income,,0.0,0.0,,387.4265555245537,,387.2059768006016,129058.35942479412,,3435.762025713381
84,78,0.738936002,0.0,0.0,0.23585281,13.21204083,4.922314454,4.281131813,76.60972409,206.864,1528.59257117728,0.0,0.0,487.8945568784,27330.9561425712,10182.496572122562,8856.12051364432,158477.9396415376,6.0,3.0,3.0,,,10.0,10.0,313.8428376721004,235.7947691000002,235.7947691000002,177.1561000000001,153.55610346059197,153.55610346059197,133.10000000000005,12.0,9.0,6.0,4.5,3.0,14.184453409871749,15.318955121941382,15.318955121941382,16.828976900706074,16.935578141662667,16.935578141662667,18.838815888241864,,,,,,,,0.0,,,,Lower middle income,,0.0,0.0,,387.4265555245537,,387.2059768006016,129058.35942479412,,3435.762025713381
85,78,0.738936002,0.0,0.0,0.23585281,13.21204083,4.922314454,4.281131813,76.60972409,206.864,1528.59257117728,0.0,0.0,487.8945568784,27330.9561425712,10182.496572122562,8856.12051364432,158477.9396415376,6.0,3.0,3.0,,,10.0,10.0,313.8428376721004,235.7947691000002,235.7947691000002,177.1561000000001,153.55610346059197,153.55610346059197,133.10000000000005,12.0,9.0,6.0,4.5,3.0,14.184453409871749,15.318955121941382,15.318955121941382,16.828976900706074,16.935578141662667,16.935578141662667,18.838815888241864,,,,,,,,0.0,,,,Lower middle income,,0.0,0.0,,387.4265555245537,,387.2059768006016,129058.35942479412,,3435.762025713381
86,78,0.738936002,0.0,0.0,0.23585281,13.21204083,4.922314454,4.281131813,76.60972409,206.864,1528.59257117728,0.0,0.0,487.8945568784,27330.9561425712,10182.496572122562,8856.12051364432,158477.9396415376,6.0,3.0,3.0,,,10.0,10.0,313.8428376721004,235.7947691000002,235.7947691000002,177.1561000000001,153.55610346059197,153.55610346059197,133.10000000000005,12.0,9.0,6.0,4.5,3.0,14.184453409871749,15.318955121941382,15.318955121941382,16.828976900706074,16.935578141662667,16.935578141662667,18.838815888241864,,,,,,,,0.0,,,,Lower middle income,,0.0,0.0,,387.4265555245537,,387.2059768006016,129058.35942479412,,3435.762025713381
87,79,11.61155726,10.24734731,6.684971891,3.382237073,4.757080713,19.22544284,3.976731123,40.11463179,3014.881,350074.6336358606,308945.3270532011,201543.9473970997,101970.42288883313,143420.3225709015,579624.2233490204,119893.71104841362,1209408.4120566698,6.0,3.0,3.0,595.467833,,10.0,10.0,313.8428376721004,235.7947691000002,235.7947691000002,177.1561000000001,153.55610346059197,153.55610346059197,133.10000000000005,12.0,9.0,6.0,4.5,3.0,14.184453409871749,15.318955121941382,15.318955121941382,16.828976900706074,16.935578141662667,16.935578141662667,18.838815888241864,1478432695.735128,1409091142.282168,919236402.656228,510928636.93278456,723167720.0096484,2922636907.7119803,672478362.5088762,8635971867.836813,21329109521.8077,40.48913462142929,Sudan,Low income,SDN,417795.5555412813,1042361804.4479034,379.633666992188,355.40796770368314,43849269.0,350.4277624474908,7019608.9270724,108803.9383696222,99183.46255074003
88,80,1.799561365,5.012438343,0.989630676,2.353538863,14.89969977,43.05802194,1.231209785,30.65589925,30.421,547.44456284665,1524.8338683240302,301.05554794596,715.9700575132299,4532.6376670317,13098.6808543674,374.54632869484993,9325.8311108425,6.0,4.0,3.0,4916.605666,1999.0,3.821533441543579,9.36334991455078,234.32966264015337,209.39434558251835,209.39434558251835,187.11242728694955,156.44404024794645,156.44404024794645,130.802310054839,13.0,10.0,7.0,5.0,3.0,10.41740111675139,12.831425434118392,12.831425434118392,15.84866108671652,17.128469886183524,17.128469886183524,18.65311980139008,14019577.159016704,48098642.1021641,9496354.55660441,27894772.26580064,190855620.3452503,551545709.984336,17174828.3639927,859085504.7771649,2884248048.49068,29.7854238031546,Suriname,Upper middle income,SUR,45947.02575199361,132728710.48807198,,413.0976530930093,586634.0,414.28287809164107,76271.19584020626,1182.203535523197,2617.2901700078737
89,81,1.278392909,0.093532054,0.430147958,0.053143746,1.068811016,2.516035843,6.134907641,88.42502883,321.65,4111.9507917985,300.84585169099995,1383.570906907,170.93685900899996,3437.830632964,8092.829289009501,19732.9304272765,284419.10523169505,4.0,5.0,2.0,859.1379611,2003.0,9.203866958618164,2.068666696548462,164.134229486264,137.63317429840512,137.63317429840512,115.41097019644188,109.65185614816772,109.65185614816772,104.180127212111,11.0,9.0,7.0,4.5,2.0,9.95851387085187,10.840823823189629,10.840823823189629,11.890726894911316,14.003115459982418,14.003115459982418,18.15170745193238,17590385.387901932,1401003.5226232477,6443125.951315009,873126.2334977218,20679596.470099963,48680828.65787734,153865758.2260329,249533824.4493481,8194150301.78552,3.0452678466853884,Tajikistan,Lower middle income,TJK,16970.023842097817,35957824.10315106,390.565551757813,387.4265555245537,9537642.0,387.2059768006016,91107.53979663581,1412.166866847855,2425.4440152856555
90,82,7.6,11.3,0.6,42.8,7.5,8.0,13.2,8.9,2421.656,184045.856,273647.128,14529.936,1036468.768,181624.2,193732.48,319658.592,215527.384,6.0,3.0,3.0,1076.470385,2012.0,22.215002059936523,15.281498908996582,782.1765729539175,428.4806813626293,428.4806813626293,234.7241027785164,189.6348994615557,189.6348994615557,153.20708298852125,12.0,9.0,6.0,4.5,3.0,30.236581038185644,24.109285151479494,24.109285151479494,20.32451818224176,19.34536146216709,19.34536146216709,20.463842205146,2995234409.396134,3550972579.848365,188547216.62911668,11338316337.759472,1891135529.0390844,2017211230.9750235,3520834824.908977,25502252128.55617,62409709110.9538,40.86263578511082,Tanzania,Lower middle income,TZA,1734329.3142875512,3674874531.7249446,388.480163574219,387.4265555245537,59734213.0,387.2059768006016,8142666.056265708,126211.32387211848,216772.18700804576
91,83,0.677764871,0.662478016,0.085175017,6.504573225,2.355548198,14.45904846,11.43769008,63.81772212,2577.813,17471.510954071233,17077.44441859008,2195.6526609782104,167675.73418856927,60721.62766930975,372727.23087817983,294842.2617819504,1645101.5371132356,6.0,3.0,3.0,7186.874092,2011.0,3.2461166381835938,5.351924896240234,165.61406013782093,150.4790453411008,150.4790453411008,136.72717804228222,126.44193626015814,126.44193626015814,116.93039726362096,12.0,9.0,6.0,4.5,3.0,9.103915588402582,11.426852374297576,11.426852374297576,14.374124224734365,15.124562389717171,15.124562389717171,17.532011216698947,571569081.3833289,701228466.4154627,90157175.189676,8660872619.590935,3300169627.42211,20257412949.406536,18575115150.198498,52156525069.60655,501643653514.925,10.397126466996117,Thailand,Upper middle income,THA,2789521.1677786554,8058183123.254212,426.599975585938,413.0976530930093,69799978.0,414.28287809164107,2692339.6937387944,41731.265252951314,92389.19276298973
92,84,4.975190425,4.804067743,9.534558588,1.427717597,2.066497078,47.83660587,0.983732824,28.37162987,93.591,4656.330470661749,4496.17504135113,8923.48872809508,1336.21517620827,1934.05528027098,44770.757799791696,920.68538730984,26553.29211163169,6.0,3.0,3.0,1442.730738,2007.0,25.707799911499023,4.828932285308838,523.6731751752308,263.61714435063163,263.61714435063163,132.70490468091626,123.64177489300552,123.64177489300552,115.1976148541784,12.0,9.0,6.0,4.5,3.0,21.37638323287632,16.588211694914715,16.588211694914715,14.129890937115023,14.93753336144514,14.93753336144514,17.391970166566498,71801466.00422503,53801956.45385191,106779906.82078436,13619792.74141432,20840256.52704918,482423686.1147628,11550886.62387968,760817951.2859672,1902156800.0,39.99764642357388,Timor-Leste,Lower middle income,TLS,51740.87641749608,109633866.78030787,371.441253662109,387.4265555245537,1318442.0,387.2059768006016,236853.267932489,3671.2256529535794,6305.45334107373
93,85,4.837392492,10.12132331,5.476239372,4.566397037,8.332888306,42.52770915,1.568876714,22.56917362,535.131,25886.38681636452,54162.3386420361,29305.05451377732,24436.20612806847,44591.86852078086,227578.95525148648,8395.54564839534,120774.6444844422,6.0,4.0,3.0,914.9507925,2011.0,14.983734130859377,8.209449768066406,401.4900356540995,264.0982637819545,264.0982637819545,173.7226001611993,148.36311514982486,148.36311514982486,126.7055289095106,13.0,10.0,7.0,5.0,3.0,15.625962758457542,15.10014578195993,15.10014578195993,15.109540059699292,16.588726860524392,16.588726860524392,18.322023680706835,185048668.0172728,374150465.8908588,202437709.93258235,168908990.50257212,338404764.7012245,1727081760.813399,70370414.54628947,3066402774.404199,7574636978.66173,40.4825047463326,Togo,Low income,TGO,148348.034274738,370114814.8705868,383.717803955078,355.40796770368314,8278737.0,350.4277624474908,1470875.3324760671,22798.56765337904,20782.71168252827
94,86,0.536307789,0.361462043,0.0,1.787670049,6.26244541,5.332802842,7.091599905,78.62771196,6.881,36.90333896109,24.87220317883,0.0,123.00957607168998,430.91886866210007,366.9501635580201,487.97298946305,5410.3728599676,6.0,5.0,2.0,4624.823449,,10.0,10.0,345.22712143931034,259.3742460100002,259.3742460100002,194.8717100000001,153.55610346059194,153.55610346059194,121.0,13.0,10.0,7.0,4.5,2.0,13.872862717185765,14.904227909976346,14.904227909976346,16.27697498158061,16.935578141662667,16.935578141662667,19.64700189803345,1183850.6408503542,857213.3035364199,0.0,4629965.772187892,16875657.427676998,14370513.114130972,22169568.13809187,60086768.39647451,488829964.070819,12.291956879257398,Tonga,Upper middle income,TON,3213.6595013123942,9283405.717255311,385.956787109375,413.0976530930093,105697.0,414.28287809164107,3923.5068482548504,60.81435614795018,134.6374052848235
95,87,1.687940164,3.276014619,0.120571887,3.164128296,13.61543187,11.82290094,2.612851172,63.70016105,629.305,10622.2918490602,20616.12379809795,758.7649134853499,19912.017573142795,85682.59352950349,74402.106760467,16442.8030679546,400868.2984957025,6.0,3.0,4.0,3521.591948,2001.0,11.905033111572266,8.92140007019043,357.18254398309483,254.88329095438976,254.88329095438976,181.88316619082835,160.00099487152266,160.00099487152266,140.75144443558705,13.0,10.0,7.0,5.5,4.0,14.245382556362898,14.71797578304899,14.71797578304899,15.560004870649813,15.787315295797024,15.787315295797024,17.68835902090525,266441201.0668326,534274115.49839175,19663660.20080848,545549336.636085,2381825402.697826,2068247710.490876,512120825.0141645,6328122251.604985,41620349986.3089,15.204394613900735,Tunisia,Lower middle income,TUN,430356.0277746822,911882416.4562784,384.078735351563,387.4265555245537,11818618.0,387.2059768006016,856297.0035586145,13272.603555158525,22796.142308575116
96,88,1.1,0.7,0.0,1.8,1.6,6.0,11.9,76.9,5445.438,59899.818000000014,38118.066,0.0,98017.884,87127.008,326726.28,648007.1220000001,4187541.822,4.0,4.0,4.0,8536.43332,2010.0,6.45686674118042,5.001949787139893,189.790131984044,167.4658539004256,167.4658539004256,147.76749417591677,134.02449561992495,134.02449561992495,121.5596537408349,12.0,10.0,8.0,6.0,4.0,9.93254987543154,11.092536788397052,11.092536788397052,12.433466571092026,14.210016777502297,14.210016777502297,16.278310226146434,2539409348.032387,1804713188.3632748,0.0,5201684538.860533,5284377657.195207,19816416214.48202,45023116809.684135,79669717756.61755,719954821683.31,11.065932938728515,Turkey,Upper middle income,TUR,4261027.049183977,12308971393.397411,477.962646484375,413.0976530930093,84339067.0,414.28287809164107,4435548.1649939325,68750.99655740595,152208.39902860616
97,89,0.480625244,0.0,0.0,0.0,0.371540584,2.513502605,0.0,96.63433157,196.509,944.47186073196,0.0,0.0,0.0,730.1106862125599,4939.258834059449,0.0,189895.15862489128,4.0,6.0,2.0,7612.03518,,10.0,10.0,313.84283767210025,259.3742460100002,259.3742460100002,214.3588810000001,161.05100000000007,161.05100000000007,121.0,12.0,10.0,8.0,5.0,2.0,14.184453409871738,14.904227909976346,14.904227909976346,15.775155055102912,17.436179011744077,17.436179011744077,19.64700189803345,50988521.55349776,0.0,0.0,0.0,48451900.338550806,327781090.3105751,0.0,427221512.2026237,45231428571.4286,0.9445235883451344,Turkmenistan,Upper middle income,TKM,22849.36448563551,66005723.63530537,,413.0976530930093,6031187.0,414.28287809164107,25290.701320005875,392.005870460091,867.8650338213646
98,90,3.6,33.8,9.4,10.6,8.4,19.7,5.0,9.4,2065.283,74350.18800000001,698065.6539999999,194136.602,218919.998,173483.77200000003,406860.75099999993,103264.15,194136.602,7.0,4.0,2.0,822.0276815,2012.0,13.868733406066896,14.507800102233888,559.5538089411095,355.16171278960667,355.16171278960667,225.42933354408223,171.9254955195713,171.9254955195713,131.12036284253156,13.0,9.5,6.0,4.0,2.0,20.5510828191634,18.87679481384629,18.87679481384629,19.7601378321658,19.97876192586929,19.97876192586929,20.54670682100181,628019642.4125199,5416028893.063066,1506232887.419906,1778000390.1134655,1424570264.197243,3340956452.938771,872063772.8830525,14965872303.028025,37600368180.9399,39.80246212220446,Uganda,Low income,UGA,724026.7834000799,1806380786.9754827,397.15966796875,355.40796770368314,45741000.0,350.4277624474908,7161611.451208815,111004.97749373663,101189.8851564889
99,91,0.4,0.0,0.0,0.0,0.0,1.7,0.9,97.0,822.099,3288.396,0.0,0.0,0.0,0.0,13975.683000000005,7398.891000000001,797436.03,4.0,5.0,2.0,3726.927149,,10.0,10.0,285.3116706110002,235.7947691000001,235.7947691000001,194.8717100000001,153.55610346059194,153.55610346059194,121.0,11.0,9.0,7.0,4.5,2.0,14.527203171826311,15.31895512194138,15.31895512194138,16.27697498158061,16.935578141662667,16.935578141662667,19.64700189803345,89019885.14971887,0.0,0.0,0.0,0.0,441056245.5796383,270884293.526996,800960424.2563531,155498989149.587,0.5150904379743876,Ukraine,Lower middle income,UKR,54470.84188366675,115418397.1353405,478.17333984375,387.4265555245537,44134693.0,387.2059768006016,67826.99694702923,1051.318452678953,1805.6747464280124
100,92,1.4,1.3,0.8,4.8,10.6,34.7,4.0,42.4,145.968,2043.552,1897.584,1167.744,7006.463999999999,15472.607999999998,50650.896,5838.719999999999,61890.43199999999,6.0,3.0,3.0,15438.41167,2012.0,3.993366479873657,4.777500152587891,167.35628241204935,148.8075984122679,148.8075984122679,132.31473014384122,123.3690289983785,123.3690289983785,115.02814009790872,12.0,9.0,6.0,4.5,3.0,9.163630215378952,11.350600976575908,11.350600976575908,14.1061994568565,14.919316054315743,14.919316054315743,17.378273453863503,144552587.6564907,166261803.86667016,102314956.2256432,762924456.3791467,1781907101.7625482,5833224191.618908,783243676.4267616,9574428773.936169,53628827440.3582,17.853138378951325,Uruguay,High income,URY,222150.34318499075,1773184208.9329784,437.696624755859,437.696624755859,3473727.0,437.696624755859,275561.1946705312,4271.1985173932335,9606.960817916059
101,93,1.7,1.6,0.1,1.2,8.4,4.9,7.9,74.3,3929.13,66795.21,62866.08,3929.13,47149.56,330046.92000000004,192527.37,310401.27,2919343.59,5.0,4.0,3.0,2785.724161,2010.0,8.305800437927246,3.2646000385284424,186.603099364242,152.85848886545224,152.85848886545224,125.21612823064967,117.42412601065728,117.42412601065728,110.11700780244752,12.0,9.5,7.0,5.0,3.0,9.82331440825368,10.486729610886046,10.486729610886046,12.431973500132433,14.5222427134691,14.5222427134691,16.981362612520766,913926939.9438646,918257673.888259,57391104.61801619,816442934.9037691,6676017869.222695,3894343757.046572,7341826895.389457,20618207175.012634,271158442448.537,7.6037489332185375,Vietnam,Lower middle income,VNM,1402180.5184663446,2971083653.9193206,519.100280761719,387.4265555245537,97338583.0,387.2059768006016,3163305.55450043,49031.23609475666,84212.79449328568
102,94,10.8,15.4,5.9,6.1,5.6,23.5,1.7,31.0,1959.731,211650.94800000003,301798.574,115624.12900000002,119543.591,109744.936,460536.785,33315.427,607516.61,6.0,3.0,3.0,758.1452416,,10.0,10.0,313.8428376721004,235.7947691000002,235.7947691000002,177.1561000000001,153.55610346059197,153.55610346059197,133.10000000000005,12.0,9.0,6.0,4.5,3.0,14.184453409871749,15.318955121941382,15.318955121941382,16.828976900706074,16.935578141662667,16.935578141662667,18.838815888241864,1138034009.945576,1752543252.6593957,671428908.486392,762616907.9227215,704542075.5657777,2956560495.6778173,237914769.58970547,8223640419.847386,,,Yemen,Low income,YEM,397847.5694875664,992593398.6755795,321.327026367188,355.40796770368314,29825968.0,350.4277624474908,5218727.270170023,80890.27268763536,73737.93129232191
103,95,3.52488215,16.12695453,13.01099,7.777071335,4.604373915,23.70044899,5.466297669,25.78898142,1276.025,44978.3774545375,205783.9715414325,166023.48514750003,99237.37450243375,58752.96224887875,302423.6542246475,69751.32483085725,329073.850164555,7.0,2.0,3.0,985.132436,2012.0,13.316266059875488,12.06586742401123,424.0456117688786,273.772410135205,273.772410135205,176.7529965434244,157.72241861535204,157.72241861535204,140.7408180928053,12.0,8.5,5.0,4.0,3.0,17.961650868712177,17.05149485213071,17.05149485213071,18.48495041109874,18.93524119405256,18.93524119405256,19.45633611683865,397937308.48553467,1728377587.1608272,1394429646.3998065,903562458.8662512,547980661.8159935,2820663126.547227,668464185.8916878,8461414975.167327,18110631358.3114,46.7207067923901,Zambia,Lower middle income,ZMB,575434.6697620543,1219289897.9216118,358.140441894531,387.4265555245537,18383956.0,387.2059768006016,3485003.44584438,54017.55341058789,92776.96192697826
104,96,0.336347567,6.85590771,0.422714939,14.87437238,17.74450565,22.27517281,30.91342685,6.577552101,1332.28,4481.091365627601,91339.887238788,5631.7465893092,198168.288344264,236406.49987382,296767.67231306806,411853.40323718,87631.41113120281,7.0,2.0,4.0,1214.50982,2007.0,48.733001708984375,17.451997756958008,4226.820929396826,1053.3874722098126,1053.3874722098126,262.5200322283168,223.5126155721474,223.5126155721474,190.30124633099845,13.0,9.5,6.0,5.0,4.0,134.8197130518933,47.83411706649731,47.83411706649731,22.01229288625999,21.608129743511824,21.608129743511824,21.328855082706728,366866648.5961785,2653195598.730049,163588172.87408337,2648929963.808789,3102041666.484958,3894079415.211709,5334346684.253459,18163048149.959225,18051170798.941,100.61977891774636,Zimbabwe,Lower middle income,ZWE,1235212.74452532,2617295238.4091244,396.138824462891,387.4265555245537,14862927.0,387.2059768006016,3861205.4391390104,59848.68430665466,102792.12505411044
